Incident ID,Country,Country_ID,Year,Attack Type,Target Industry,Financial Loss (in Million $),Number of Affected Users,Attack Source,Security Vulnerability Type,Defense Mechanism Used,Incident Resolution Time (in Hours),Attack_typeID
1,China,1,2019,Phishing,Education,80.53,773169,Hacker Group,Unpatched Software,VPN,63,1
2,China,1,2019,Ransomware,Retail,62.19,295961,Hacker Group,Unpatched Software,Firewall,71,2
3,India,2,2017,Man-in-the-Middle,IT,38.65,605895,Hacker Group,Weak Passwords,VPN,20,3
4,UK,3,2024,Ransomware,Telecommunications,41.44,659320,Nation-state,Social Engineering,AI-based Detection,7,4
5,Germany,4,2018,Man-in-the-Middle,IT,74.41,810682,Insider,Social Engineering,VPN,68,5
6,Germany,4,2017,Man-in-the-Middle,Retail,98.24,285201,Unknown,Social Engineering,Antivirus,25,6
7,Germany,4,2016,DDoS,Telecommunications,33.26,431262,Insider,Unpatched Software,VPN,34,7
8,France,5,2018,SQL Injection,Government,59.23,909991,Unknown,Social Engineering,Antivirus,66,8
9,India,2,2016,Man-in-the-Middle,Banking,16.88,698249,Unknown,Social Engineering,VPN,47,5
10,UK,3,2023,DDoS,Healthcare,69.14,685927,Hacker Group,Unpatched Software,Firewall,58,9
11,China,1,2019,Phishing,Telecommunications,88.67,493675,Unknown,Zero-day,VPN,29,10
12,China,1,2016,SQL Injection,Healthcare,38.81,920768,Hacker Group,Unpatched Software,AI-based Detection,27,11
13,India,2,2019,Ransomware,Education,30.56,583204,Insider,Zero-day,Firewall,37,12
14,France,5,2023,DDoS,Healthcare,58.37,599797,Nation-state,Unpatched Software,AI-based Detection,35,13
15,France,5,2024,DDoS,IT,48.01,922258,Unknown,Social Engineering,Encryption,64,14
16,Australia,6,2022,Phishing,Banking,64.31,120789,Nation-state,Zero-day,Encryption,36,15
17,Russia,7,2017,Man-in-the-Middle,Healthcare,13.04,850158,Hacker Group,Unpatched Software,AI-based Detection,67,16
18,India,2,2015,DDoS,IT,93.14,805278,Insider,Social Engineering,Encryption,56,14
19,UK,3,2019,Malware,Telecommunications,14.01,578443,Insider,Social Engineering,Firewall,28,17
20,India,2,2016,DDoS,IT,36.45,261808,Nation-state,Social Engineering,AI-based Detection,6,18
21,Brazil,8,2015,Ransomware,Retail,49.55,920172,Hacker Group,Weak Passwords,Antivirus,43,19
22,France,5,2023,Ransomware,Education,17.72,261661,Insider,Social Engineering,VPN,11,20
23,India,2,2017,DDoS,Government,76.71,246205,Nation-state,Unpatched Software,Firewall,30,9
24,Japan,9,2022,Phishing,Telecommunications,20.42,186148,Nation-state,Weak Passwords,Antivirus,32,21
25,Brazil,8,2023,DDoS,Telecommunications,51.84,699007,Hacker Group,Social Engineering,VPN,30,22
26,China,1,2021,Phishing,Retail,51.06,628562,Insider,Zero-day,AI-based Detection,52,23
27,Japan,9,2022,Malware,Education,53.04,570494,Nation-state,Unpatched Software,VPN,53,24
28,Japan,9,2022,Ransomware,Banking,26.17,937653,Insider,Unpatched Software,Encryption,24,25
29,France,5,2020,Malware,IT,87.32,599757,Unknown,Social Engineering,Antivirus,9,26
30,Australia,6,2015,DDoS,Government,82.7,904805,Hacker Group,Zero-day,Encryption,61,27
31,UK,3,2022,SQL Injection,Education,66.24,678876,Hacker Group,Social Engineering,AI-based Detection,11,28
32,France,5,2020,Malware,Telecommunications,18.38,246900,Hacker Group,Zero-day,AI-based Detection,34,29
33,India,2,2015,SQL Injection,IT,42.99,85255,Unknown,Unpatched Software,Encryption,61,30
34,Japan,9,2022,Phishing,Banking,98.47,972469,Nation-state,Zero-day,Antivirus,21,31
35,Brazil,8,2023,Phishing,Healthcare,14.51,113777,Nation-state,Weak Passwords,VPN,27,32
36,Brazil,8,2020,Phishing,Banking,17.75,739540,Hacker Group,Zero-day,Encryption,31,15
37,China,1,2020,Man-in-the-Middle,Education,19.81,722788,Nation-state,Zero-day,Firewall,70,33
38,Japan,9,2021,SQL Injection,Retail,82.52,214372,Insider,Unpatched Software,Encryption,12,30
39,USA,10,2022,DDoS,Retail,32.53,235314,Insider,Weak Passwords,AI-based Detection,62,34
40,Brazil,8,2016,DDoS,Education,96.98,140812,Nation-state,Unpatched Software,VPN,71,7
41,Russia,7,2015,DDoS,Telecommunications,96.39,238356,Unknown,Zero-day,AI-based Detection,3,35
42,India,2,2021,SQL Injection,IT,98.09,826976,Nation-state,Zero-day,VPN,57,36
43,UK,3,2019,Man-in-the-Middle,Retail,39.77,757694,Nation-state,Unpatched Software,Encryption,69,37
44,USA,10,2017,DDoS,IT,74.12,403108,Hacker Group,Zero-day,VPN,64,38
45,Australia,6,2020,DDoS,Banking,92.95,942890,Insider,Weak Passwords,Antivirus,19,39
46,France,5,2022,Malware,Healthcare,20.33,794906,Unknown,Weak Passwords,AI-based Detection,36,40
47,Australia,6,2016,SQL Injection,Government,27.33,481293,Hacker Group,Unpatched Software,Antivirus,65,41
48,India,2,2016,DDoS,Education,21.01,602692,Hacker Group,Unpatched Software,VPN,29,7
49,UK,3,2018,Man-in-the-Middle,Retail,13.66,455529,Hacker Group,Zero-day,Firewall,40,33
50,Japan,9,2017,Phishing,Telecommunications,75.84,383395,Hacker Group,Zero-day,VPN,31,10
51,USA,10,2023,DDoS,Retail,59.69,113612,Hacker Group,Zero-day,VPN,70,38
52,Australia,6,2019,Malware,Government,21.72,984411,Insider,Unpatched Software,Antivirus,17,42
53,UK,3,2015,Phishing,IT,85.58,17229,Hacker Group,Weak Passwords,AI-based Detection,30,43
54,France,5,2018,Phishing,Healthcare,75.11,581303,Insider,Social Engineering,Encryption,51,44
55,India,2,2019,Man-in-the-Middle,Education,10.8,799474,Nation-state,Zero-day,AI-based Detection,23,45
56,India,2,2020,DDoS,Banking,86.27,898655,Nation-state,Unpatched Software,AI-based Detection,10,13
57,UK,3,2021,Malware,Healthcare,67.1,698852,Unknown,Weak Passwords,Antivirus,57,46
58,India,2,2018,DDoS,Healthcare,76.43,304162,Hacker Group,Unpatched Software,Firewall,56,9
59,Brazil,8,2015,Phishing,Banking,43.4,191625,Hacker Group,Social Engineering,VPN,65,47
60,Australia,6,2024,Phishing,Education,93.32,93185,Unknown,Unpatched Software,VPN,14,1
61,India,2,2019,Phishing,Healthcare,35.6,40718,Nation-state,Zero-day,VPN,24,10
62,China,1,2015,Phishing,Government,42.73,310574,Nation-state,Zero-day,Firewall,65,48
63,India,2,2024,DDoS,Education,73.37,475719,Nation-state,Social Engineering,Firewall,52,49
64,UK,3,2018,Malware,Retail,73.18,404060,Unknown,Weak Passwords,Antivirus,32,46
65,China,1,2024,Malware,Education,72.35,132726,Hacker Group,Zero-day,Firewall,55,50
66,UK,3,2016,DDoS,Banking,87.68,336376,Nation-state,Social Engineering,Firewall,11,49
67,Australia,6,2022,Malware,Healthcare,67.16,566437,Unknown,Weak Passwords,Encryption,63,51
68,Russia,7,2017,Man-in-the-Middle,Education,83.43,313631,Nation-state,Weak Passwords,Antivirus,16,52
69,France,5,2016,DDoS,Banking,28.66,996004,Unknown,Zero-day,VPN,28,38
70,China,1,2021,Phishing,Healthcare,55.04,871600,Insider,Unpatched Software,Firewall,29,53
71,Brazil,8,2015,DDoS,IT,43.51,940656,Unknown,Weak Passwords,AI-based Detection,41,34
72,USA,10,2015,Ransomware,Telecommunications,20.73,297209,Nation-state,Social Engineering,Firewall,66,54
73,UK,3,2019,Phishing,IT,78.19,28321,Insider,Unpatched Software,Antivirus,63,55
74,Brazil,8,2022,Phishing,Telecommunications,29.02,456783,Nation-state,Zero-day,Encryption,10,15
75,Germany,4,2018,Ransomware,Banking,87.56,933028,Nation-state,Unpatched Software,VPN,25,56
76,Australia,6,2023,Phishing,Telecommunications,24.65,221512,Nation-state,Zero-day,AI-based Detection,56,23
77,France,5,2017,Phishing,Banking,17.88,16585,Hacker Group,Unpatched Software,Encryption,12,57
78,USA,10,2022,Ransomware,Education,21.01,787752,Nation-state,Weak Passwords,Antivirus,9,19
79,Russia,7,2022,SQL Injection,Banking,60.25,662517,Unknown,Social Engineering,Firewall,40,58
80,Brazil,8,2018,Malware,Education,6.63,274509,Hacker Group,Zero-day,Encryption,20,59
81,France,5,2024,Phishing,Government,5.8,508649,Hacker Group,Unpatched Software,Firewall,66,53
82,Brazil,8,2021,DDoS,IT,70.26,740257,Unknown,Weak Passwords,Encryption,70,60
83,Australia,6,2024,Malware,Healthcare,62.08,969504,Hacker Group,Social Engineering,AI-based Detection,5,61
84,Germany,4,2016,Man-in-the-Middle,Healthcare,90.2,779494,Nation-state,Social Engineering,AI-based Detection,54,62
85,Japan,9,2019,Malware,Banking,44.17,605166,Insider,Weak Passwords,Encryption,27,51
86,France,5,2023,Malware,Government,55.18,274946,Insider,Zero-day,Encryption,66,59
87,Japan,9,2019,Man-in-the-Middle,Banking,41.32,645097,Nation-state,Zero-day,Firewall,36,33
88,UK,3,2015,DDoS,Telecommunications,32.92,157678,Nation-state,Unpatched Software,Antivirus,68,63
89,Brazil,8,2022,DDoS,Retail,15.16,157034,Nation-state,Social Engineering,AI-based Detection,69,18
90,India,2,2020,SQL Injection,Education,62.5,550656,Nation-state,Weak Passwords,Encryption,4,64
91,Australia,6,2017,SQL Injection,Healthcare,68.91,634048,Hacker Group,Unpatched Software,Firewall,66,65
92,UK,3,2023,DDoS,Banking,81.26,547495,Nation-state,Weak Passwords,AI-based Detection,3,34
93,UK,3,2024,DDoS,Healthcare,58.31,487694,Hacker Group,Weak Passwords,Antivirus,41,39
94,France,5,2023,Man-in-the-Middle,Retail,88.65,427067,Hacker Group,Unpatched Software,Antivirus,42,66
95,Australia,6,2023,Malware,Telecommunications,1.51,954902,Hacker Group,Unpatched Software,AI-based Detection,55,67
96,UK,3,2020,Ransomware,Banking,49.23,128594,Nation-state,Weak Passwords,Firewall,53,68
97,Germany,4,2024,Phishing,Healthcare,84.53,189430,Nation-state,Social Engineering,Firewall,1,69
98,France,5,2021,DDoS,Healthcare,90.63,603327,Nation-state,Unpatched Software,AI-based Detection,15,13
99,UK,3,2021,DDoS,Education,80.26,276593,Nation-state,Social Engineering,Encryption,36,14
100,Japan,9,2023,Malware,Education,22.87,975282,Insider,Unpatched Software,Firewall,49,70
101,India,2,2018,Ransomware,Retail,23.79,486810,Hacker Group,Unpatched Software,Antivirus,11,71
102,Japan,9,2021,Ransomware,IT,35.43,969517,Hacker Group,Weak Passwords,Firewall,25,68
103,Australia,6,2022,Malware,Banking,74.77,151599,Insider,Zero-day,Encryption,18,59
104,Japan,9,2022,SQL Injection,IT,66.66,749545,Unknown,Social Engineering,AI-based Detection,30,28
105,Brazil,8,2015,Malware,Retail,78.13,71743,Hacker Group,Unpatched Software,VPN,35,24
106,Germany,4,2018,Phishing,Banking,11.39,969684,Hacker Group,Weak Passwords,Antivirus,41,21
107,Germany,4,2020,SQL Injection,Education,87.84,842506,Unknown,Weak Passwords,Antivirus,19,72
108,Brazil,8,2023,Man-in-the-Middle,IT,10.18,933883,Nation-state,Social Engineering,Encryption,41,73
109,UK,3,2019,Malware,Education,4.42,393748,Nation-state,Unpatched Software,AI-based Detection,10,67
110,Brazil,8,2020,DDoS,Banking,76.98,708549,Unknown,Weak Passwords,Encryption,37,60
111,Japan,9,2020,DDoS,Healthcare,73.24,136762,Unknown,Zero-day,VPN,41,38
112,Russia,7,2018,Malware,Telecommunications,8.11,737958,Unknown,Social Engineering,VPN,35,74
113,Japan,9,2020,Man-in-the-Middle,Banking,23.55,108886,Insider,Unpatched Software,Antivirus,51,66
114,Australia,6,2016,Phishing,Banking,92.79,285311,Nation-state,Unpatched Software,VPN,55,1
115,USA,10,2021,Malware,Retail,71.11,961868,Hacker Group,Unpatched Software,Antivirus,57,42
116,Australia,6,2023,Man-in-the-Middle,Banking,57.34,471743,Unknown,Zero-day,Firewall,29,33
117,UK,3,2024,Phishing,Government,81.26,993903,Unknown,Weak Passwords,Firewall,25,75
118,China,1,2024,Ransomware,Telecommunications,7.32,179156,Nation-state,Social Engineering,AI-based Detection,34,4
119,Germany,4,2022,Man-in-the-Middle,Healthcare,56.27,699129,Nation-state,Unpatched Software,Encryption,25,37
120,Russia,7,2021,Malware,IT,83.76,920983,Insider,Social Engineering,Encryption,24,76
121,UK,3,2023,SQL Injection,Banking,85.64,875790,Nation-state,Unpatched Software,Firewall,36,65
122,Russia,7,2016,Malware,Retail,61.39,415274,Hacker Group,Weak Passwords,Encryption,40,51
123,Russia,7,2023,Ransomware,Banking,42.14,222293,Hacker Group,Social Engineering,VPN,38,20
124,France,5,2021,Man-in-the-Middle,Retail,94.4,357092,Unknown,Unpatched Software,VPN,71,77
125,Australia,6,2021,Malware,Telecommunications,84.68,708291,Hacker Group,Zero-day,AI-based Detection,54,29
126,Russia,7,2024,Malware,Banking,93.33,517610,Nation-state,Social Engineering,Firewall,35,17
127,Germany,4,2023,Malware,Government,70.46,368803,Hacker Group,Unpatched Software,VPN,23,24
128,China,1,2023,Man-in-the-Middle,Healthcare,48.71,421191,Nation-state,Unpatched Software,Firewall,62,78
129,India,2,2018,Phishing,IT,69.03,282139,Hacker Group,Unpatched Software,Encryption,37,57
130,China,1,2018,Malware,IT,49.19,117543,Insider,Social Engineering,Encryption,22,76
131,France,5,2016,Phishing,Government,27.2,536925,Unknown,Zero-day,Encryption,62,15
132,France,5,2023,Ransomware,Retail,64.08,238068,Unknown,Unpatched Software,VPN,61,56
133,Japan,9,2022,Malware,Telecommunications,38.46,39814,Insider,Social Engineering,VPN,32,74
134,India,2,2018,DDoS,Government,80.89,268956,Nation-state,Zero-day,Antivirus,47,79
135,France,5,2015,Malware,Education,15.76,424,Nation-state,Unpatched Software,Antivirus,58,42
136,USA,10,2021,SQL Injection,Telecommunications,82.24,982969,Unknown,Unpatched Software,Encryption,64,30
137,Germany,4,2021,Malware,Government,82.72,219703,Nation-state,Social Engineering,Firewall,33,17
138,Japan,9,2016,Man-in-the-Middle,Retail,18.96,530947,Nation-state,Unpatched Software,VPN,12,77
139,UK,3,2017,SQL Injection,IT,53.39,576110,Insider,Unpatched Software,Antivirus,37,41
140,UK,3,2017,Man-in-the-Middle,Government,48.9,177154,Unknown,Zero-day,Antivirus,68,80
141,France,5,2017,SQL Injection,Healthcare,60.77,212177,Hacker Group,Social Engineering,Encryption,2,81
142,Germany,4,2021,DDoS,Banking,91.24,8787,Hacker Group,Unpatched Software,Encryption,55,82
143,USA,10,2015,Phishing,Education,41.36,291727,Insider,Social Engineering,Encryption,31,44
144,Germany,4,2022,DDoS,IT,78.18,987652,Hacker Group,Social Engineering,VPN,72,22
145,China,1,2022,Ransomware,Telecommunications,16.16,236284,Unknown,Social Engineering,Antivirus,38,83
146,USA,10,2020,Man-in-the-Middle,Telecommunications,15.63,209853,Nation-state,Zero-day,VPN,1,84
147,Australia,6,2020,DDoS,Retail,36.29,755621,Unknown,Zero-day,Antivirus,50,79
148,France,5,2015,SQL Injection,Retail,61.41,694844,Insider,Unpatched Software,Antivirus,43,41
149,France,5,2018,SQL Injection,Retail,53.72,795831,Nation-state,Unpatched Software,Encryption,61,30
150,Brazil,8,2020,DDoS,Retail,17.4,342253,Unknown,Weak Passwords,Encryption,22,60
151,USA,10,2016,Phishing,Retail,75.94,638693,Nation-state,Weak Passwords,AI-based Detection,35,43
152,USA,10,2018,Phishing,Banking,55.9,618616,Insider,Zero-day,VPN,51,10
153,Brazil,8,2023,SQL Injection,Retail,56.76,774426,Hacker Group,Social Engineering,AI-based Detection,21,28
154,Australia,6,2023,DDoS,Government,76.25,900661,Insider,Unpatched Software,Encryption,64,82
155,India,2,2019,Phishing,Telecommunications,75.23,141627,Insider,Unpatched Software,AI-based Detection,64,85
156,Germany,4,2024,Phishing,IT,3.93,845785,Unknown,Unpatched Software,VPN,69,1
157,Australia,6,2015,Malware,Retail,99.41,120048,Insider,Zero-day,Antivirus,12,86
158,USA,10,2016,Malware,Retail,32.89,894935,Unknown,Social Engineering,AI-based Detection,31,61
159,Japan,9,2017,SQL Injection,Healthcare,21.66,277555,Unknown,Social Engineering,AI-based Detection,45,28
160,Australia,6,2024,Ransomware,Education,85.86,461012,Insider,Unpatched Software,AI-based Detection,38,87
161,Russia,7,2021,SQL Injection,Telecommunications,80.23,599291,Nation-state,Social Engineering,Firewall,55,58
162,Australia,6,2016,Man-in-the-Middle,Government,31.92,163602,Hacker Group,Unpatched Software,VPN,26,77
163,UK,3,2021,SQL Injection,Government,39.03,986196,Nation-state,Weak Passwords,Encryption,11,64
164,France,5,2024,Ransomware,Retail,99.03,349008,Nation-state,Zero-day,Encryption,20,88
165,Germany,4,2022,SQL Injection,Retail,25.1,559667,Unknown,Zero-day,Antivirus,69,89
166,Russia,7,2018,DDoS,Healthcare,67.27,335628,Hacker Group,Weak Passwords,Antivirus,20,39
167,Germany,4,2016,Ransomware,Education,29.89,385363,Unknown,Unpatched Software,Firewall,22,2
168,USA,10,2021,Man-in-the-Middle,Education,15.92,945793,Insider,Zero-day,Firewall,32,33
169,Russia,7,2016,SQL Injection,Telecommunications,95.93,595950,Nation-state,Social Engineering,AI-based Detection,11,28
170,Japan,9,2022,DDoS,Education,12.61,756722,Nation-state,Weak Passwords,VPN,15,90
171,Australia,6,2024,Ransomware,Government,39.92,594424,Hacker Group,Social Engineering,Antivirus,54,83
172,China,1,2015,Malware,Retail,19.36,457790,Hacker Group,Zero-day,Encryption,39,59
173,China,1,2024,Ransomware,Telecommunications,70.47,549337,Unknown,Social Engineering,Antivirus,63,83
174,France,5,2023,Malware,Healthcare,53.34,714681,Unknown,Unpatched Software,Firewall,34,70
175,India,2,2022,Malware,Government,84.15,849745,Hacker Group,Social Engineering,Antivirus,51,26
176,Brazil,8,2019,SQL Injection,Banking,27.64,826256,Nation-state,Zero-day,VPN,50,36
177,UK,3,2017,DDoS,IT,9.01,617543,Unknown,Zero-day,Antivirus,43,79
178,USA,10,2017,SQL Injection,Banking,9.08,895507,Unknown,Social Engineering,AI-based Detection,52,28
179,UK,3,2020,SQL Injection,Healthcare,67.9,2233,Unknown,Social Engineering,Antivirus,45,8
180,Japan,9,2022,Phishing,Government,71.12,76776,Unknown,Unpatched Software,Firewall,42,53
181,China,1,2019,Ransomware,Retail,6.08,175261,Nation-state,Zero-day,VPN,64,91
182,Australia,6,2016,Man-in-the-Middle,Healthcare,90.85,746369,Insider,Unpatched Software,Antivirus,30,66
183,Australia,6,2017,Malware,Healthcare,77.32,563706,Nation-state,Unpatched Software,AI-based Detection,35,67
184,India,2,2022,DDoS,Healthcare,12.01,254980,Insider,Unpatched Software,AI-based Detection,58,13
185,Russia,7,2021,Malware,Education,0.54,869574,Unknown,Unpatched Software,Antivirus,16,42
186,Russia,7,2015,Malware,IT,95.33,282598,Unknown,Zero-day,VPN,21,92
187,Brazil,8,2023,Malware,Telecommunications,62.77,422623,Nation-state,Zero-day,AI-based Detection,55,29
188,Brazil,8,2021,Malware,Healthcare,83.06,937717,Unknown,Unpatched Software,Encryption,56,93
189,India,2,2021,Man-in-the-Middle,Telecommunications,71.64,416077,Insider,Social Engineering,VPN,39,5
190,Australia,6,2019,Man-in-the-Middle,Banking,47.67,112313,Insider,Social Engineering,Firewall,63,94
191,Australia,6,2017,Man-in-the-Middle,Telecommunications,79.72,799971,Insider,Zero-day,Firewall,63,33
192,Japan,9,2018,Man-in-the-Middle,Retail,47.11,690595,Hacker Group,Social Engineering,Antivirus,71,6
193,India,2,2017,Man-in-the-Middle,Government,69.69,713419,Hacker Group,Unpatched Software,AI-based Detection,70,16
194,Australia,6,2022,Man-in-the-Middle,Healthcare,81.31,707365,Hacker Group,Zero-day,Antivirus,38,80
195,Brazil,8,2016,Malware,Healthcare,83.88,155059,Unknown,Unpatched Software,Antivirus,29,42
196,Russia,7,2022,Phishing,Banking,85.01,923558,Insider,Weak Passwords,Encryption,41,95
197,Germany,4,2022,DDoS,Telecommunications,20.55,239313,Nation-state,Social Engineering,AI-based Detection,6,18
198,Russia,7,2023,Ransomware,Telecommunications,60.08,874485,Hacker Group,Weak Passwords,Antivirus,48,19
199,Russia,7,2016,SQL Injection,Healthcare,46.95,90895,Unknown,Social Engineering,VPN,29,96
200,China,1,2015,Man-in-the-Middle,Retail,47.2,529593,Hacker Group,Zero-day,VPN,64,84
201,Germany,4,2018,Phishing,Government,46.92,610201,Nation-state,Weak Passwords,VPN,72,32
202,USA,10,2021,DDoS,Telecommunications,1.98,863623,Hacker Group,Weak Passwords,Firewall,24,97
203,USA,10,2018,Malware,Healthcare,14.28,755771,Insider,Weak Passwords,Antivirus,44,46
204,Japan,9,2021,SQL Injection,Telecommunications,66.23,164032,Unknown,Social Engineering,Firewall,5,58
205,Russia,7,2019,Man-in-the-Middle,Telecommunications,95.66,259993,Nation-state,Weak Passwords,Antivirus,58,52
206,UK,3,2019,Phishing,Retail,90.13,232359,Unknown,Social Engineering,Firewall,17,69
207,Germany,4,2018,Phishing,Telecommunications,84.9,800031,Unknown,Unpatched Software,Encryption,10,57
208,UK,3,2016,Phishing,Healthcare,71.19,925040,Unknown,Unpatched Software,Encryption,48,57
209,Brazil,8,2016,Malware,IT,99.29,273469,Insider,Social Engineering,AI-based Detection,67,61
210,Germany,4,2024,Malware,Banking,22.84,797768,Insider,Zero-day,Firewall,58,50
211,Japan,9,2022,DDoS,Education,82.19,905203,Hacker Group,Weak Passwords,Antivirus,37,39
212,India,2,2023,Phishing,Telecommunications,11.72,512291,Insider,Zero-day,AI-based Detection,51,23
213,UK,3,2017,Phishing,Telecommunications,27.08,416833,Insider,Social Engineering,VPN,9,47
214,UK,3,2015,Ransomware,Government,30.74,744505,Nation-state,Unpatched Software,Antivirus,43,71
215,Brazil,8,2020,Malware,Banking,79.61,755029,Nation-state,Weak Passwords,Firewall,27,98
216,Brazil,8,2017,Malware,Banking,99.22,660182,Insider,Weak Passwords,AI-based Detection,21,40
217,India,2,2016,Ransomware,Retail,29.48,403737,Insider,Zero-day,Firewall,26,12
218,China,1,2019,DDoS,Retail,7.87,86783,Nation-state,Weak Passwords,Antivirus,12,39
219,Australia,6,2022,DDoS,Telecommunications,86.77,390083,Nation-state,Social Engineering,VPN,72,22
220,Brazil,8,2023,Man-in-the-Middle,Banking,20.15,376174,Unknown,Social Engineering,Firewall,43,94
221,UK,3,2022,Ransomware,Government,31.94,485080,Insider,Weak Passwords,Antivirus,61,19
222,France,5,2024,Ransomware,Banking,78.82,759804,Unknown,Unpatched Software,AI-based Detection,47,87
223,Japan,9,2017,Phishing,IT,65.62,286208,Hacker Group,Zero-day,Firewall,57,48
224,USA,10,2017,Malware,IT,75.53,992377,Nation-state,Unpatched Software,Antivirus,33,42
225,USA,10,2021,Man-in-the-Middle,Education,36.06,48987,Unknown,Zero-day,VPN,58,84
226,Russia,7,2021,SQL Injection,Telecommunications,68.07,538602,Insider,Unpatched Software,VPN,19,99
227,Japan,9,2015,Malware,Healthcare,26.29,808392,Hacker Group,Weak Passwords,AI-based Detection,4,40
228,UK,3,2015,Ransomware,IT,26.12,21580,Unknown,Weak Passwords,AI-based Detection,14,100
229,France,5,2020,Phishing,Government,94.44,209658,Insider,Zero-day,VPN,11,10
230,Japan,9,2017,Man-in-the-Middle,Retail,74.12,559889,Nation-state,Zero-day,VPN,10,84
231,France,5,2015,SQL Injection,Government,12.92,344516,Insider,Zero-day,VPN,28,36
232,Australia,6,2024,Phishing,Retail,73.43,897569,Hacker Group,Social Engineering,AI-based Detection,66,101
233,Australia,6,2023,SQL Injection,Healthcare,99.19,538688,Nation-state,Zero-day,Encryption,36,102
234,China,1,2015,DDoS,Government,22.71,303975,Nation-state,Social Engineering,Firewall,2,49
235,Japan,9,2022,SQL Injection,Telecommunications,67.62,822256,Insider,Unpatched Software,Firewall,60,65
236,Russia,7,2019,Man-in-the-Middle,Healthcare,53.82,521877,Unknown,Zero-day,Encryption,66,103
237,Brazil,8,2016,SQL Injection,Education,55.83,758258,Unknown,Zero-day,Encryption,44,102
238,Brazil,8,2016,DDoS,IT,17.12,988369,Hacker Group,Weak Passwords,AI-based Detection,26,34
239,France,5,2022,Malware,Healthcare,67.89,325521,Hacker Group,Social Engineering,VPN,69,74
240,Germany,4,2021,Ransomware,IT,5.54,254933,Nation-state,Social Engineering,AI-based Detection,41,4
241,UK,3,2023,DDoS,Government,55.28,339144,Hacker Group,Unpatched Software,VPN,26,7
242,India,2,2022,Ransomware,Education,57.52,170002,Unknown,Unpatched Software,AI-based Detection,54,87
243,Japan,9,2019,DDoS,Government,74.65,491269,Nation-state,Zero-day,Firewall,67,104
244,China,1,2019,Phishing,Banking,49.14,341100,Insider,Social Engineering,Firewall,37,69
245,India,2,2018,DDoS,Government,36.04,446170,Insider,Unpatched Software,VPN,72,7
246,India,2,2015,Malware,Telecommunications,14.09,28398,Insider,Zero-day,Encryption,22,59
247,France,5,2017,Ransomware,Telecommunications,66.36,180698,Hacker Group,Zero-day,Encryption,53,88
248,Germany,4,2017,Malware,Healthcare,8.53,676384,Unknown,Social Engineering,VPN,44,74
249,Brazil,8,2015,Ransomware,Healthcare,61.91,961557,Insider,Unpatched Software,Firewall,64,2
250,Japan,9,2020,Phishing,Education,54.47,345334,Hacker Group,Weak Passwords,Antivirus,25,21
251,Russia,7,2024,Phishing,Education,87.88,263407,Nation-state,Zero-day,Antivirus,8,31
252,Russia,7,2017,Phishing,IT,89.22,791350,Nation-state,Social Engineering,Antivirus,32,105
253,China,1,2022,Ransomware,Telecommunications,64.92,591819,Unknown,Zero-day,Antivirus,49,106
254,UK,3,2016,SQL Injection,IT,6.59,186612,Unknown,Unpatched Software,Antivirus,30,41
255,Japan,9,2018,Ransomware,Retail,48,187730,Nation-state,Weak Passwords,AI-based Detection,26,100
256,France,5,2015,SQL Injection,IT,87.78,6456,Hacker Group,Social Engineering,Firewall,69,58
257,Japan,9,2020,Malware,Banking,15.73,762662,Hacker Group,Zero-day,Firewall,56,50
258,UK,3,2015,Phishing,IT,30.26,256396,Hacker Group,Zero-day,Encryption,29,15
259,Brazil,8,2021,SQL Injection,Healthcare,54.59,437634,Unknown,Weak Passwords,AI-based Detection,29,107
260,Russia,7,2015,Malware,Healthcare,63.09,80855,Nation-state,Zero-day,AI-based Detection,53,29
261,India,2,2016,Phishing,Retail,59.36,967614,Nation-state,Unpatched Software,AI-based Detection,71,85
262,Japan,9,2020,Ransomware,IT,79.52,934400,Unknown,Social Engineering,VPN,4,20
263,Germany,4,2023,Man-in-the-Middle,Telecommunications,87.83,547719,Unknown,Weak Passwords,AI-based Detection,22,108
264,China,1,2016,Malware,Healthcare,96.63,808984,Unknown,Weak Passwords,Firewall,26,98
265,Japan,9,2023,Ransomware,Banking,52.86,261038,Nation-state,Social Engineering,Encryption,48,109
266,China,1,2024,Phishing,Education,4.01,841054,Insider,Zero-day,Antivirus,49,31
267,China,1,2019,Ransomware,IT,68.02,175038,Hacker Group,Weak Passwords,VPN,67,110
268,Russia,7,2022,Phishing,Retail,67.17,774613,Hacker Group,Weak Passwords,Encryption,53,95
269,Japan,9,2021,Phishing,Healthcare,37.45,558357,Hacker Group,Weak Passwords,VPN,49,32
270,India,2,2017,Phishing,Retail,36.78,620056,Nation-state,Weak Passwords,Firewall,14,75
271,Russia,7,2018,Malware,Healthcare,40.66,90640,Unknown,Social Engineering,Encryption,56,76
272,Russia,7,2022,Ransomware,Retail,76.93,449596,Unknown,Unpatched Software,AI-based Detection,3,87
273,Australia,6,2020,Ransomware,Healthcare,58.91,207842,Nation-state,Social Engineering,Antivirus,40,83
274,Germany,4,2017,Phishing,Retail,93.6,908249,Nation-state,Zero-day,AI-based Detection,53,23
275,Japan,9,2017,Phishing,Healthcare,47.39,470895,Nation-state,Social Engineering,Encryption,63,44
276,France,5,2017,Malware,Education,3.21,342049,Nation-state,Unpatched Software,AI-based Detection,31,67
277,Brazil,8,2018,Phishing,Banking,98.75,316891,Hacker Group,Social Engineering,Antivirus,55,105
278,India,2,2019,Man-in-the-Middle,Education,27.45,633466,Unknown,Zero-day,AI-based Detection,16,45
279,USA,10,2023,Malware,Telecommunications,23.98,123866,Nation-state,Zero-day,Firewall,43,50
280,France,5,2017,DDoS,Telecommunications,79.93,305905,Unknown,Unpatched Software,Encryption,44,82
281,Russia,7,2023,SQL Injection,Telecommunications,3.66,702942,Nation-state,Unpatched Software,AI-based Detection,34,11
282,Brazil,8,2016,Man-in-the-Middle,Retail,72.78,11339,Hacker Group,Social Engineering,AI-based Detection,34,62
283,UK,3,2017,SQL Injection,Banking,73.88,8385,Nation-state,Social Engineering,AI-based Detection,69,28
284,Russia,7,2024,Ransomware,Banking,52.8,21810,Insider,Zero-day,VPN,48,91
285,India,2,2018,Man-in-the-Middle,Healthcare,94.6,7347,Insider,Zero-day,AI-based Detection,7,45
286,Germany,4,2021,SQL Injection,Education,1.62,61463,Hacker Group,Weak Passwords,Antivirus,58,72
287,Russia,7,2020,DDoS,Healthcare,0.82,683572,Insider,Zero-day,Antivirus,69,79
288,Germany,4,2015,Malware,Healthcare,90.91,654633,Nation-state,Weak Passwords,Antivirus,43,46
289,Japan,9,2021,DDoS,Banking,32.84,311274,Hacker Group,Zero-day,Encryption,67,27
290,Russia,7,2017,Malware,Education,63.33,185208,Unknown,Zero-day,Firewall,3,50
291,Russia,7,2022,Man-in-the-Middle,Healthcare,27.82,182378,Insider,Social Engineering,AI-based Detection,10,62
292,China,1,2016,Phishing,IT,7.73,800480,Unknown,Zero-day,VPN,31,10
293,India,2,2019,DDoS,Banking,46.98,147761,Unknown,Unpatched Software,AI-based Detection,68,13
294,Russia,7,2024,Ransomware,Banking,80.11,923911,Insider,Unpatched Software,Firewall,60,2
295,Germany,4,2024,Ransomware,Education,11.81,418893,Insider,Social Engineering,Firewall,31,54
296,Germany,4,2016,Ransomware,Education,15.09,914593,Unknown,Weak Passwords,AI-based Detection,1,100
297,Japan,9,2015,SQL Injection,Banking,20.69,344789,Unknown,Zero-day,AI-based Detection,69,111
298,India,2,2019,DDoS,Telecommunications,36.86,116906,Insider,Social Engineering,VPN,7,22
299,Australia,6,2019,Phishing,Education,10.87,812343,Insider,Social Engineering,Antivirus,16,105
300,China,1,2017,Malware,IT,18.17,346390,Hacker Group,Weak Passwords,Firewall,36,98
301,Brazil,8,2018,Phishing,IT,13.89,30925,Insider,Zero-day,Encryption,43,15
302,UK,3,2017,DDoS,Government,15.63,663812,Nation-state,Zero-day,Antivirus,57,79
303,Brazil,8,2020,Man-in-the-Middle,Government,32.72,220978,Nation-state,Zero-day,VPN,47,84
304,UK,3,2021,DDoS,Banking,97.03,100486,Nation-state,Unpatched Software,Firewall,31,9
305,Russia,7,2023,SQL Injection,Education,75.63,195733,Nation-state,Weak Passwords,Antivirus,70,72
306,Japan,9,2023,Man-in-the-Middle,Healthcare,64.21,707978,Nation-state,Weak Passwords,VPN,41,3
307,Brazil,8,2018,Phishing,Healthcare,99.14,456432,Insider,Weak Passwords,Antivirus,66,21
308,Brazil,8,2016,Man-in-the-Middle,IT,75.51,37230,Unknown,Social Engineering,AI-based Detection,52,62
309,UK,3,2015,DDoS,Government,11.68,890414,Nation-state,Unpatched Software,AI-based Detection,28,13
310,France,5,2021,Malware,IT,33.84,440358,Nation-state,Social Engineering,Antivirus,5,26
311,India,2,2022,Malware,Healthcare,38.89,400752,Insider,Unpatched Software,Antivirus,36,42
312,France,5,2018,Phishing,Banking,89.77,134364,Nation-state,Zero-day,Antivirus,63,31
313,Germany,4,2017,DDoS,Telecommunications,15.01,406483,Insider,Weak Passwords,Antivirus,62,39
314,Brazil,8,2018,SQL Injection,IT,98.38,661583,Insider,Social Engineering,Encryption,30,81
315,Russia,7,2015,SQL Injection,Education,23.49,642834,Unknown,Weak Passwords,Antivirus,34,72
316,Brazil,8,2017,Ransomware,IT,9.43,493087,Hacker Group,Unpatched Software,Encryption,44,25
317,Brazil,8,2021,Man-in-the-Middle,IT,97.37,966570,Nation-state,Weak Passwords,Antivirus,32,52
318,Russia,7,2022,Phishing,Telecommunications,73.26,687383,Nation-state,Weak Passwords,VPN,8,32
319,Germany,4,2020,Phishing,Retail,78.84,733304,Unknown,Weak Passwords,VPN,19,32
320,India,2,2023,Ransomware,Telecommunications,3.51,661681,Hacker Group,Weak Passwords,AI-based Detection,14,100
321,France,5,2020,SQL Injection,IT,25.32,644538,Unknown,Social Engineering,Antivirus,57,8
322,Germany,4,2015,Phishing,Banking,58.78,861637,Unknown,Social Engineering,VPN,15,47
323,Brazil,8,2016,SQL Injection,Telecommunications,73.76,393189,Unknown,Zero-day,Antivirus,37,89
324,France,5,2022,SQL Injection,Healthcare,27.06,999545,Hacker Group,Social Engineering,Encryption,47,81
325,UK,3,2021,SQL Injection,IT,77.82,935572,Hacker Group,Social Engineering,Encryption,61,81
326,France,5,2016,Ransomware,IT,55.99,724608,Hacker Group,Social Engineering,Antivirus,21,83
327,Brazil,8,2024,DDoS,Banking,55.73,750979,Unknown,Social Engineering,AI-based Detection,30,18
328,India,2,2017,Malware,Telecommunications,7.44,552358,Nation-state,Weak Passwords,AI-based Detection,42,40
329,Australia,6,2019,Phishing,Banking,37.07,902654,Insider,Social Engineering,Antivirus,9,105
330,UK,3,2022,Ransomware,Healthcare,75.67,413293,Hacker Group,Zero-day,Antivirus,27,106
331,India,2,2024,Malware,Retail,56.19,114357,Insider,Zero-day,AI-based Detection,58,29
332,USA,10,2018,Malware,Government,70.53,363432,Hacker Group,Zero-day,AI-based Detection,40,29
333,Japan,9,2016,SQL Injection,Telecommunications,63.77,304618,Unknown,Unpatched Software,Antivirus,54,41
334,India,2,2022,SQL Injection,IT,32.73,153154,Hacker Group,Zero-day,VPN,37,36
335,China,1,2022,Malware,Banking,21.87,741153,Insider,Social Engineering,Encryption,66,76
336,Japan,9,2024,Man-in-the-Middle,Healthcare,72.08,261230,Insider,Social Engineering,VPN,19,5
337,UK,3,2023,SQL Injection,Telecommunications,53.82,688014,Unknown,Zero-day,Encryption,18,102
338,Australia,6,2018,DDoS,Education,3.3,45027,Unknown,Social Engineering,Antivirus,68,112
339,Australia,6,2021,Malware,Banking,13.99,689681,Nation-state,Weak Passwords,AI-based Detection,62,40
340,Germany,4,2024,Malware,Government,93.49,702688,Hacker Group,Unpatched Software,Antivirus,39,42
341,China,1,2016,Man-in-the-Middle,Banking,97.28,86038,Insider,Weak Passwords,Encryption,19,113
342,Japan,9,2015,Malware,Education,17.19,899381,Insider,Unpatched Software,Firewall,66,70
343,India,2,2023,Malware,IT,54.21,157667,Insider,Weak Passwords,VPN,34,114
344,UK,3,2021,Malware,Government,64.28,643714,Nation-state,Weak Passwords,VPN,25,114
345,USA,10,2023,Ransomware,Education,71.31,3607,Insider,Zero-day,AI-based Detection,7,115
346,UK,3,2017,Phishing,Banking,52.31,259706,Hacker Group,Social Engineering,Antivirus,2,105
347,India,2,2021,Man-in-the-Middle,Retail,40.94,698921,Insider,Weak Passwords,Firewall,72,116
348,Brazil,8,2024,Ransomware,Government,32.21,482574,Nation-state,Unpatched Software,Firewall,22,2
349,France,5,2017,DDoS,IT,20.44,618269,Nation-state,Weak Passwords,VPN,48,90
350,Russia,7,2016,Ransomware,Government,59.66,854961,Unknown,Unpatched Software,AI-based Detection,7,87
351,Brazil,8,2019,SQL Injection,Education,56.33,595157,Unknown,Zero-day,Encryption,41,102
352,France,5,2016,SQL Injection,Government,2.24,813706,Hacker Group,Weak Passwords,VPN,54,117
353,Brazil,8,2018,DDoS,Telecommunications,82.05,322527,Nation-state,Weak Passwords,Firewall,46,97
354,China,1,2024,DDoS,Healthcare,11.92,557016,Unknown,Zero-day,Firewall,34,104
355,UK,3,2017,DDoS,Healthcare,54.83,966668,Hacker Group,Weak Passwords,AI-based Detection,15,34
356,France,5,2020,SQL Injection,Retail,36.17,813165,Nation-state,Unpatched Software,Antivirus,44,41
357,France,5,2018,SQL Injection,Government,80.06,400807,Unknown,Weak Passwords,Firewall,67,118
358,Brazil,8,2023,Man-in-the-Middle,Retail,74.85,549300,Hacker Group,Weak Passwords,Antivirus,26,52
359,Brazil,8,2021,Ransomware,Government,74.01,956893,Unknown,Social Engineering,Antivirus,49,83
360,India,2,2015,SQL Injection,Government,46.2,245370,Insider,Social Engineering,AI-based Detection,57,28
361,Brazil,8,2017,Malware,IT,9.59,912731,Nation-state,Zero-day,Firewall,4,50
362,USA,10,2017,Malware,Telecommunications,81.19,362085,Insider,Weak Passwords,VPN,5,114
363,Germany,4,2022,SQL Injection,Telecommunications,42.8,862664,Hacker Group,Zero-day,Firewall,44,119
364,China,1,2015,Ransomware,Telecommunications,32.65,313384,Insider,Social Engineering,Antivirus,51,83
365,Russia,7,2018,Malware,Banking,17.99,593009,Unknown,Social Engineering,Firewall,27,17
366,Germany,4,2023,SQL Injection,Banking,30.68,933754,Insider,Social Engineering,Firewall,36,58
367,Japan,9,2015,DDoS,Government,82.12,55055,Hacker Group,Unpatched Software,VPN,44,7
368,France,5,2020,SQL Injection,Education,94.63,481180,Hacker Group,Weak Passwords,AI-based Detection,10,107
369,Russia,7,2020,Man-in-the-Middle,Banking,54.03,110260,Unknown,Weak Passwords,VPN,66,3
370,USA,10,2020,DDoS,Government,10.54,741592,Insider,Social Engineering,VPN,69,22
371,Russia,7,2020,Phishing,Education,34.41,928026,Unknown,Social Engineering,VPN,5,47
372,Germany,4,2018,SQL Injection,Education,84.27,399014,Nation-state,Zero-day,Firewall,52,119
373,China,1,2018,Ransomware,Retail,35.08,42831,Hacker Group,Social Engineering,Antivirus,42,83
374,UK,3,2018,Man-in-the-Middle,Healthcare,45.11,545613,Insider,Unpatched Software,VPN,25,77
375,Australia,6,2023,Man-in-the-Middle,Retail,92.57,813789,Nation-state,Unpatched Software,Antivirus,27,66
376,UK,3,2015,Ransomware,Banking,13.49,345825,Hacker Group,Zero-day,AI-based Detection,6,115
377,UK,3,2016,Phishing,Education,8.42,29671,Insider,Unpatched Software,Encryption,61,57
378,Australia,6,2020,Phishing,Government,92.5,34011,Insider,Unpatched Software,Firewall,9,53
379,USA,10,2018,SQL Injection,Banking,63.8,341383,Nation-state,Weak Passwords,Antivirus,9,72
380,Japan,9,2020,Ransomware,Banking,40.86,565080,Unknown,Zero-day,Encryption,6,88
381,Germany,4,2019,Malware,Banking,79.24,862136,Hacker Group,Zero-day,VPN,44,92
382,Japan,9,2022,Man-in-the-Middle,Retail,37.15,241151,Hacker Group,Social Engineering,Antivirus,56,6
383,India,2,2024,Man-in-the-Middle,Government,62.06,321158,Insider,Zero-day,VPN,37,84
384,France,5,2023,Phishing,Education,31.03,472386,Nation-state,Zero-day,Encryption,24,15
385,UK,3,2015,Man-in-the-Middle,Healthcare,82.54,34240,Insider,Weak Passwords,Encryption,45,113
386,USA,10,2019,Malware,Government,34.4,98018,Insider,Zero-day,VPN,55,92
387,Japan,9,2024,Phishing,Education,72.2,555808,Unknown,Weak Passwords,AI-based Detection,4,43
388,UK,3,2021,SQL Injection,Healthcare,52.23,449333,Hacker Group,Unpatched Software,Encryption,39,30
389,UK,3,2024,Man-in-the-Middle,Retail,7.16,368618,Nation-state,Social Engineering,Firewall,22,94
390,France,5,2022,Man-in-the-Middle,IT,78.23,310175,Hacker Group,Unpatched Software,AI-based Detection,53,16
391,UK,3,2020,Phishing,Retail,25.1,986980,Nation-state,Zero-day,VPN,71,10
392,UK,3,2024,DDoS,Retail,88.54,518181,Insider,Zero-day,Antivirus,24,79
393,India,2,2015,Phishing,Retail,49.51,72782,Unknown,Zero-day,Encryption,63,15
394,Russia,7,2018,DDoS,Telecommunications,4.08,502842,Unknown,Zero-day,VPN,15,38
395,UK,3,2024,Phishing,Retail,89.31,376586,Unknown,Weak Passwords,AI-based Detection,51,43
396,Germany,4,2023,Phishing,Government,88.55,698597,Unknown,Social Engineering,Antivirus,66,105
397,Russia,7,2015,SQL Injection,Education,5.26,559195,Insider,Weak Passwords,VPN,52,117
398,India,2,2024,Ransomware,Retail,17.57,236253,Unknown,Social Engineering,Firewall,38,54
399,Brazil,8,2016,DDoS,Healthcare,8.01,534847,Nation-state,Zero-day,Firewall,3,104
400,Australia,6,2016,Malware,Retail,39.86,262611,Unknown,Social Engineering,Antivirus,33,26
401,Brazil,8,2021,SQL Injection,Telecommunications,11.61,848702,Unknown,Weak Passwords,Antivirus,48,72
402,Germany,4,2017,Man-in-the-Middle,Retail,73.98,609952,Hacker Group,Unpatched Software,VPN,7,77
403,Germany,4,2022,Man-in-the-Middle,IT,65.86,978868,Insider,Weak Passwords,AI-based Detection,39,108
404,Australia,6,2021,Ransomware,Retail,41.26,659734,Insider,Unpatched Software,Antivirus,54,71
405,Japan,9,2022,DDoS,Retail,64.38,88354,Nation-state,Social Engineering,AI-based Detection,52,18
406,Brazil,8,2022,Phishing,Banking,75.01,771434,Hacker Group,Social Engineering,AI-based Detection,38,101
407,Australia,6,2016,SQL Injection,Banking,1.73,91560,Hacker Group,Weak Passwords,AI-based Detection,35,107
408,UK,3,2021,Phishing,Healthcare,1.35,375292,Unknown,Unpatched Software,Firewall,48,53
409,Japan,9,2015,SQL Injection,Retail,70.88,43366,Unknown,Weak Passwords,AI-based Detection,43,107
410,India,2,2019,Ransomware,Telecommunications,32.08,429224,Unknown,Social Engineering,AI-based Detection,56,4
411,Brazil,8,2017,Phishing,Healthcare,68.99,526227,Hacker Group,Weak Passwords,VPN,62,32
412,Japan,9,2024,Man-in-the-Middle,Retail,9.77,621770,Insider,Unpatched Software,AI-based Detection,70,16
413,India,2,2019,DDoS,Telecommunications,14.53,857688,Insider,Zero-day,Antivirus,55,79
414,Brazil,8,2024,SQL Injection,Banking,33.06,644841,Insider,Weak Passwords,Antivirus,64,72
415,Russia,7,2024,Man-in-the-Middle,IT,67.61,242847,Unknown,Unpatched Software,VPN,37,77
416,China,1,2022,Man-in-the-Middle,IT,85.3,155225,Unknown,Weak Passwords,Antivirus,13,52
417,Japan,9,2017,Man-in-the-Middle,Banking,79.68,712646,Nation-state,Unpatched Software,AI-based Detection,50,16
418,UK,3,2022,Phishing,Government,61.87,298941,Unknown,Zero-day,Antivirus,13,31
419,Russia,7,2018,Man-in-the-Middle,Telecommunications,4.92,783480,Insider,Zero-day,AI-based Detection,55,45
420,Germany,4,2019,Phishing,Healthcare,99.97,950451,Hacker Group,Weak Passwords,AI-based Detection,29,43
421,China,1,2018,Malware,Education,95.42,917848,Insider,Social Engineering,VPN,30,74
422,Germany,4,2016,SQL Injection,Education,42.98,194633,Nation-state,Social Engineering,Antivirus,37,8
423,Australia,6,2016,Malware,Telecommunications,68.42,778844,Unknown,Zero-day,Encryption,65,59
424,France,5,2018,SQL Injection,Government,36.14,668774,Unknown,Social Engineering,Firewall,61,58
425,France,5,2023,SQL Injection,Healthcare,69.76,824351,Unknown,Zero-day,Firewall,17,119
426,UK,3,2020,Phishing,Healthcare,3.02,510974,Unknown,Weak Passwords,Encryption,16,95
427,Australia,6,2021,Man-in-the-Middle,Healthcare,86.29,404595,Unknown,Social Engineering,AI-based Detection,3,62
428,Germany,4,2022,SQL Injection,IT,6.31,742273,Hacker Group,Zero-day,AI-based Detection,67,111
429,China,1,2016,Phishing,IT,27.46,973388,Nation-state,Zero-day,AI-based Detection,63,23
430,China,1,2024,DDoS,Government,69.28,890675,Hacker Group,Unpatched Software,Firewall,5,9
431,Germany,4,2022,SQL Injection,Education,68.96,710896,Nation-state,Zero-day,Firewall,18,119
432,India,2,2023,SQL Injection,Retail,2.85,30883,Nation-state,Weak Passwords,AI-based Detection,51,107
433,UK,3,2020,SQL Injection,Government,53.76,153355,Unknown,Zero-day,Encryption,57,102
434,Japan,9,2020,DDoS,Healthcare,25.83,96706,Insider,Unpatched Software,Firewall,42,9
435,Australia,6,2016,SQL Injection,IT,43.76,959797,Nation-state,Social Engineering,Antivirus,32,8
436,China,1,2024,Phishing,Telecommunications,9.45,501864,Hacker Group,Unpatched Software,Encryption,12,57
437,Japan,9,2024,Man-in-the-Middle,IT,63.57,358626,Unknown,Weak Passwords,VPN,26,3
438,Japan,9,2017,Man-in-the-Middle,Healthcare,11.3,64472,Insider,Social Engineering,Firewall,43,94
439,India,2,2023,DDoS,Education,82.11,23683,Hacker Group,Weak Passwords,Encryption,69,60
440,USA,10,2017,Man-in-the-Middle,IT,5.21,22635,Unknown,Unpatched Software,AI-based Detection,8,16
441,UK,3,2017,SQL Injection,Government,98.75,894933,Insider,Weak Passwords,Antivirus,59,72
442,UK,3,2023,Malware,Banking,55.34,259176,Unknown,Unpatched Software,VPN,3,24
443,China,1,2022,Man-in-the-Middle,Banking,12.36,987115,Unknown,Social Engineering,Encryption,55,73
444,France,5,2022,DDoS,Healthcare,6.48,727601,Insider,Social Engineering,Encryption,50,14
445,UK,3,2021,Phishing,Retail,56.53,542850,Nation-state,Zero-day,Antivirus,41,31
446,India,2,2023,Ransomware,Education,41.15,352194,Nation-state,Unpatched Software,Firewall,10,2
447,France,5,2019,Malware,Healthcare,39.83,571521,Nation-state,Weak Passwords,Antivirus,8,46
448,Brazil,8,2023,SQL Injection,Healthcare,47.59,933271,Insider,Unpatched Software,Antivirus,30,41
449,Brazil,8,2022,Phishing,Banking,98.06,884502,Insider,Unpatched Software,AI-based Detection,55,85
450,China,1,2015,Ransomware,IT,57.27,762001,Nation-state,Social Engineering,VPN,67,20
451,France,5,2016,DDoS,Government,82.49,351330,Nation-state,Weak Passwords,VPN,57,90
452,Australia,6,2023,Malware,Healthcare,37.73,158107,Unknown,Unpatched Software,AI-based Detection,43,67
453,USA,10,2016,SQL Injection,Government,77.45,632319,Unknown,Weak Passwords,AI-based Detection,47,107
454,India,2,2017,DDoS,Government,75.52,352250,Insider,Zero-day,VPN,39,38
455,France,5,2018,Ransomware,Telecommunications,11.28,504165,Hacker Group,Zero-day,AI-based Detection,55,115
456,Brazil,8,2024,DDoS,Telecommunications,36.69,738981,Unknown,Social Engineering,VPN,45,22
457,UK,3,2021,Ransomware,Banking,79.33,555527,Unknown,Unpatched Software,Firewall,33,2
458,Russia,7,2019,SQL Injection,Banking,59.78,681856,Insider,Zero-day,VPN,52,36
459,Germany,4,2024,DDoS,Retail,38.65,197609,Nation-state,Social Engineering,VPN,15,22
460,USA,10,2018,Man-in-the-Middle,Banking,85.29,685291,Hacker Group,Social Engineering,Encryption,53,73
461,Japan,9,2024,Ransomware,Retail,37.49,835730,Insider,Zero-day,VPN,14,91
462,Germany,4,2016,Phishing,Education,48.57,907547,Unknown,Unpatched Software,Firewall,33,53
463,France,5,2019,Phishing,Retail,3,298096,Unknown,Social Engineering,Firewall,16,69
464,UK,3,2023,Phishing,Retail,33.06,18579,Unknown,Social Engineering,VPN,13,47
465,UK,3,2021,Malware,Education,70.9,490771,Nation-state,Weak Passwords,Antivirus,70,46
466,Germany,4,2020,Phishing,Healthcare,38.12,394577,Nation-state,Unpatched Software,Encryption,33,57
467,India,2,2021,DDoS,Telecommunications,35.19,155426,Nation-state,Zero-day,Firewall,16,104
468,Russia,7,2017,Ransomware,Education,88.9,444399,Insider,Zero-day,Encryption,38,88
469,Japan,9,2015,Man-in-the-Middle,Healthcare,7.96,770028,Unknown,Unpatched Software,Firewall,58,78
470,Brazil,8,2023,Ransomware,Retail,66.38,608520,Hacker Group,Zero-day,VPN,14,91
471,Australia,6,2020,DDoS,Healthcare,91.45,471113,Hacker Group,Unpatched Software,AI-based Detection,71,13
472,Germany,4,2015,Man-in-the-Middle,Retail,63.65,311253,Nation-state,Weak Passwords,AI-based Detection,36,108
473,Brazil,8,2023,DDoS,IT,84.19,390409,Insider,Zero-day,AI-based Detection,31,35
474,China,1,2015,SQL Injection,IT,28.35,604786,Unknown,Zero-day,VPN,34,36
475,China,1,2024,SQL Injection,Government,84.23,568377,Unknown,Social Engineering,Antivirus,38,8
476,Russia,7,2020,SQL Injection,Telecommunications,29.89,267678,Insider,Zero-day,AI-based Detection,13,111
477,Australia,6,2020,Malware,Education,5.95,592485,Insider,Weak Passwords,Firewall,10,98
478,USA,10,2018,DDoS,Government,84.85,639011,Insider,Weak Passwords,Firewall,26,97
479,China,1,2023,Man-in-the-Middle,Telecommunications,28.82,446243,Unknown,Zero-day,Firewall,66,33
480,Germany,4,2016,DDoS,Government,22.48,10438,Nation-state,Unpatched Software,Encryption,10,82
481,Brazil,8,2023,SQL Injection,IT,97.37,796195,Nation-state,Social Engineering,Firewall,20,58
482,Australia,6,2020,SQL Injection,Telecommunications,53.32,55392,Unknown,Zero-day,VPN,44,36
483,Germany,4,2016,DDoS,IT,63.11,579291,Hacker Group,Unpatched Software,Encryption,6,82
484,Germany,4,2023,Malware,Banking,70.19,791366,Unknown,Unpatched Software,Firewall,61,70
485,France,5,2022,Malware,IT,92.29,727826,Unknown,Weak Passwords,Encryption,63,51
486,Russia,7,2023,Malware,IT,98.07,608695,Nation-state,Unpatched Software,AI-based Detection,31,67
487,Australia,6,2019,SQL Injection,Retail,13.96,496667,Unknown,Zero-day,Antivirus,45,89
488,Japan,9,2024,Malware,Retail,56.9,353887,Unknown,Weak Passwords,Antivirus,59,46
489,China,1,2019,Ransomware,Banking,32.69,713584,Insider,Weak Passwords,Firewall,26,68
490,India,2,2017,DDoS,IT,70.09,417831,Unknown,Unpatched Software,Encryption,36,82
491,USA,10,2019,Ransomware,Banking,22.62,51219,Unknown,Zero-day,Encryption,36,88
492,UK,3,2017,Ransomware,Retail,47.91,153257,Insider,Zero-day,Encryption,59,88
493,Russia,7,2017,Phishing,Retail,20.58,768022,Unknown,Zero-day,VPN,64,10
494,France,5,2024,Phishing,Banking,26.29,314347,Hacker Group,Unpatched Software,Antivirus,28,55
495,Germany,4,2020,Phishing,IT,33.51,649406,Insider,Social Engineering,Firewall,27,69
496,Japan,9,2023,Phishing,Education,68.28,744595,Insider,Zero-day,Antivirus,44,31
497,Brazil,8,2021,DDoS,Banking,14.72,126781,Insider,Weak Passwords,Antivirus,32,39
498,France,5,2015,Phishing,Retail,44.29,427167,Insider,Unpatched Software,Encryption,11,57
499,Australia,6,2023,Ransomware,Retail,41.54,396865,Insider,Social Engineering,AI-based Detection,42,4
500,UK,3,2019,Phishing,Telecommunications,90.67,902952,Unknown,Weak Passwords,Encryption,8,95
501,USA,10,2023,Ransomware,IT,34.94,632075,Insider,Social Engineering,Encryption,64,109
502,France,5,2017,SQL Injection,Healthcare,83.73,728486,Nation-state,Social Engineering,Encryption,61,81
503,Australia,6,2018,DDoS,Education,64.62,109439,Insider,Zero-day,Antivirus,32,79
504,India,2,2018,Malware,Education,86.38,1174,Insider,Weak Passwords,VPN,23,114
505,Russia,7,2024,Phishing,Education,25.7,953987,Insider,Social Engineering,AI-based Detection,65,101
506,Brazil,8,2021,DDoS,Government,56.2,713309,Hacker Group,Zero-day,Antivirus,51,79
507,Russia,7,2021,DDoS,Healthcare,11.38,334528,Insider,Weak Passwords,VPN,5,90
508,USA,10,2016,Phishing,IT,92.53,219826,Nation-state,Social Engineering,Antivirus,38,105
509,USA,10,2015,SQL Injection,Telecommunications,88.6,916744,Nation-state,Social Engineering,Antivirus,47,8
510,USA,10,2017,Man-in-the-Middle,IT,30.4,568560,Hacker Group,Zero-day,AI-based Detection,49,45
511,UK,3,2019,Malware,Education,90.7,440178,Insider,Unpatched Software,VPN,15,24
512,Japan,9,2023,SQL Injection,Healthcare,45.38,172628,Insider,Weak Passwords,Encryption,4,64
513,USA,10,2022,Ransomware,Government,71.33,257989,Unknown,Unpatched Software,AI-based Detection,68,87
514,Japan,9,2021,Phishing,Healthcare,9.42,573560,Hacker Group,Social Engineering,Antivirus,9,105
515,Brazil,8,2018,Malware,Education,5.27,850056,Hacker Group,Weak Passwords,VPN,65,114
516,Australia,6,2018,DDoS,Retail,41.59,860119,Nation-state,Unpatched Software,Encryption,30,82
517,USA,10,2015,SQL Injection,Education,98.78,140958,Insider,Social Engineering,AI-based Detection,51,28
518,China,1,2015,DDoS,Telecommunications,61.24,965727,Nation-state,Zero-day,AI-based Detection,32,35
519,Russia,7,2015,Malware,Telecommunications,69.34,20269,Unknown,Social Engineering,VPN,36,74
520,Germany,4,2015,DDoS,Retail,7.84,323011,Nation-state,Social Engineering,Encryption,25,14
521,USA,10,2016,Ransomware,Retail,57.17,50321,Nation-state,Social Engineering,Antivirus,25,83
522,Russia,7,2020,DDoS,Banking,33.99,851863,Insider,Weak Passwords,Firewall,25,97
523,China,1,2024,DDoS,IT,22.45,704925,Unknown,Unpatched Software,AI-based Detection,52,13
524,France,5,2018,Ransomware,Banking,27.78,355077,Nation-state,Unpatched Software,VPN,65,56
525,Australia,6,2022,Malware,Education,47.12,866057,Unknown,Social Engineering,Antivirus,17,26
526,Germany,4,2016,SQL Injection,Telecommunications,48.77,169455,Insider,Zero-day,Antivirus,23,89
527,India,2,2023,SQL Injection,IT,92.35,380022,Unknown,Unpatched Software,Encryption,30,30
528,USA,10,2019,SQL Injection,Retail,88.98,898679,Insider,Zero-day,Firewall,35,119
529,Japan,9,2020,Ransomware,IT,61.69,704157,Unknown,Zero-day,Antivirus,42,106
530,Russia,7,2022,Malware,Telecommunications,84.57,262201,Nation-state,Weak Passwords,Encryption,54,51
531,Brazil,8,2021,DDoS,Telecommunications,67.87,683261,Hacker Group,Unpatched Software,Antivirus,13,63
532,USA,10,2022,Phishing,IT,59.7,382379,Nation-state,Unpatched Software,Firewall,2,53
533,Germany,4,2024,Phishing,Government,90.21,510657,Nation-state,Social Engineering,VPN,62,47
534,UK,3,2018,SQL Injection,Education,16.23,912558,Nation-state,Unpatched Software,Antivirus,69,41
535,UK,3,2020,Ransomware,Banking,16.91,952504,Hacker Group,Zero-day,AI-based Detection,45,115
536,France,5,2015,Phishing,Government,41.88,913027,Insider,Unpatched Software,Antivirus,68,55
537,Brazil,8,2019,Malware,Government,31.04,269271,Insider,Unpatched Software,Antivirus,58,42
538,India,2,2016,Ransomware,Healthcare,37.12,113404,Hacker Group,Social Engineering,Antivirus,11,83
539,Russia,7,2023,DDoS,Healthcare,46.2,310868,Hacker Group,Weak Passwords,Antivirus,10,39
540,Japan,9,2024,Man-in-the-Middle,Telecommunications,98.3,458630,Insider,Social Engineering,Antivirus,14,6
541,USA,10,2024,Ransomware,IT,16.61,912183,Unknown,Weak Passwords,Encryption,44,120
542,Brazil,8,2017,Man-in-the-Middle,IT,71.06,871891,Unknown,Social Engineering,Antivirus,52,6
543,USA,10,2016,SQL Injection,Government,14.17,863298,Nation-state,Unpatched Software,VPN,15,99
544,Australia,6,2018,Malware,Healthcare,82.65,434626,Unknown,Social Engineering,AI-based Detection,29,61
545,Australia,6,2018,Ransomware,IT,78.27,195490,Unknown,Zero-day,Antivirus,63,106
546,UK,3,2022,Ransomware,Retail,10.44,19404,Nation-state,Unpatched Software,Firewall,32,2
547,Russia,7,2019,Ransomware,Healthcare,21.95,217438,Hacker Group,Social Engineering,Firewall,14,54
548,India,2,2018,Malware,Healthcare,30.83,481452,Unknown,Weak Passwords,AI-based Detection,57,40
549,UK,3,2020,SQL Injection,Education,35.57,386093,Unknown,Unpatched Software,VPN,42,99
550,France,5,2019,Man-in-the-Middle,Banking,28.29,929020,Nation-state,Weak Passwords,Antivirus,2,52
551,USA,10,2022,Malware,IT,4.06,863756,Nation-state,Unpatched Software,AI-based Detection,66,67
552,China,1,2018,Ransomware,Telecommunications,58.28,300898,Nation-state,Unpatched Software,Encryption,18,25
553,Japan,9,2017,SQL Injection,Healthcare,7.31,191328,Insider,Weak Passwords,Encryption,51,64
554,Germany,4,2021,Man-in-the-Middle,Banking,37.69,361849,Hacker Group,Zero-day,Firewall,63,33
555,Brazil,8,2016,Phishing,Retail,27.99,30884,Nation-state,Unpatched Software,Antivirus,26,55
556,Brazil,8,2024,Ransomware,IT,71.55,902924,Unknown,Social Engineering,Encryption,12,109
557,Brazil,8,2024,Man-in-the-Middle,Telecommunications,27.13,943178,Nation-state,Weak Passwords,VPN,63,3
558,Australia,6,2021,SQL Injection,Telecommunications,10.28,994468,Insider,Unpatched Software,Antivirus,8,41
559,China,1,2022,Phishing,Retail,31.35,131361,Insider,Weak Passwords,Firewall,39,75
560,China,1,2023,Malware,Telecommunications,80.1,237658,Unknown,Zero-day,Antivirus,26,86
561,USA,10,2017,Ransomware,Banking,42.19,157313,Hacker Group,Unpatched Software,Antivirus,47,71
562,UK,3,2021,Man-in-the-Middle,Education,40.98,414340,Insider,Unpatched Software,AI-based Detection,10,16
563,France,5,2020,DDoS,Healthcare,58.8,153523,Insider,Social Engineering,Encryption,22,14
564,UK,3,2019,Phishing,IT,3.33,232665,Unknown,Social Engineering,AI-based Detection,65,101
565,Germany,4,2022,Phishing,Government,58.98,383945,Nation-state,Zero-day,Encryption,49,15
566,Brazil,8,2023,Ransomware,Government,4.6,762006,Unknown,Weak Passwords,Antivirus,21,19
567,Germany,4,2019,SQL Injection,Government,96.91,408103,Nation-state,Unpatched Software,Firewall,27,65
568,France,5,2022,Phishing,Healthcare,85.91,44837,Unknown,Zero-day,AI-based Detection,18,23
569,Germany,4,2023,DDoS,Telecommunications,51.49,642699,Unknown,Social Engineering,Firewall,51,49
570,UK,3,2021,Ransomware,Telecommunications,3.99,634820,Insider,Unpatched Software,Encryption,33,25
571,France,5,2021,Malware,Retail,3.44,887718,Insider,Zero-day,Antivirus,55,86
572,USA,10,2020,DDoS,Education,52.7,541631,Unknown,Zero-day,AI-based Detection,30,35
573,USA,10,2016,Ransomware,Retail,11.58,523522,Unknown,Weak Passwords,Encryption,57,120
574,Russia,7,2021,DDoS,Government,91.69,686309,Unknown,Unpatched Software,Antivirus,42,63
575,India,2,2015,Man-in-the-Middle,Education,79.89,416328,Nation-state,Zero-day,Encryption,55,103
576,India,2,2021,Man-in-the-Middle,IT,53.49,582718,Hacker Group,Social Engineering,Encryption,20,73
577,Japan,9,2021,Man-in-the-Middle,Telecommunications,18.91,549640,Nation-state,Social Engineering,Encryption,17,73
578,USA,10,2024,DDoS,Retail,15.34,1068,Insider,Social Engineering,Firewall,3,49
579,France,5,2018,DDoS,Telecommunications,12.72,959835,Unknown,Zero-day,Firewall,38,104
580,USA,10,2024,Ransomware,Retail,46.59,227390,Insider,Weak Passwords,AI-based Detection,40,100
581,France,5,2021,SQL Injection,Banking,62.9,577763,Insider,Zero-day,AI-based Detection,43,111
582,Japan,9,2018,SQL Injection,Healthcare,85.33,786644,Nation-state,Unpatched Software,Antivirus,41,41
583,China,1,2016,Malware,Healthcare,85.15,454802,Insider,Unpatched Software,Antivirus,48,42
584,China,1,2024,DDoS,Healthcare,53.53,371685,Unknown,Social Engineering,VPN,34,22
585,India,2,2023,Ransomware,Retail,4.32,217534,Unknown,Unpatched Software,VPN,48,56
586,Australia,6,2024,Man-in-the-Middle,Telecommunications,31.68,376612,Nation-state,Unpatched Software,VPN,27,77
587,UK,3,2020,Phishing,Banking,84.77,812206,Hacker Group,Unpatched Software,Encryption,39,57
588,Australia,6,2021,Man-in-the-Middle,Banking,82.87,255967,Unknown,Social Engineering,VPN,23,5
589,USA,10,2023,DDoS,Healthcare,5.32,463332,Unknown,Weak Passwords,Encryption,16,60
590,Australia,6,2023,DDoS,IT,31.48,771547,Hacker Group,Zero-day,Antivirus,5,79
591,UK,3,2020,DDoS,Retail,86,809209,Unknown,Social Engineering,Encryption,26,14
592,India,2,2024,DDoS,Retail,35.47,342575,Insider,Social Engineering,Firewall,49,49
593,Japan,9,2024,Phishing,Retail,94.75,478963,Insider,Zero-day,VPN,70,10
594,USA,10,2017,SQL Injection,Banking,39.59,910393,Unknown,Weak Passwords,Antivirus,52,72
595,Australia,6,2024,Phishing,Banking,70.52,601198,Insider,Zero-day,Encryption,41,15
596,UK,3,2018,Ransomware,Government,6.6,152302,Hacker Group,Social Engineering,AI-based Detection,26,4
597,USA,10,2016,SQL Injection,Healthcare,25.85,79102,Nation-state,Zero-day,AI-based Detection,4,111
598,India,2,2017,Ransomware,Retail,80.93,837506,Nation-state,Zero-day,Antivirus,8,106
599,Germany,4,2018,Malware,Banking,63.81,347441,Hacker Group,Social Engineering,Firewall,58,17
600,USA,10,2021,Ransomware,Telecommunications,3.63,231198,Insider,Unpatched Software,Encryption,42,25
601,Brazil,8,2016,DDoS,Government,80.09,555275,Unknown,Social Engineering,Antivirus,71,112
602,UK,3,2016,SQL Injection,Retail,24.51,46699,Unknown,Zero-day,Antivirus,53,89
603,UK,3,2024,Man-in-the-Middle,IT,56.23,706469,Unknown,Unpatched Software,Encryption,17,37
604,China,1,2018,Ransomware,IT,43.73,311165,Unknown,Social Engineering,AI-based Detection,34,4
605,France,5,2019,SQL Injection,Government,85.13,304257,Nation-state,Weak Passwords,Antivirus,20,72
606,Brazil,8,2017,SQL Injection,Telecommunications,24.05,446378,Insider,Unpatched Software,Antivirus,59,41
607,China,1,2021,Ransomware,Healthcare,32.72,994243,Hacker Group,Social Engineering,Firewall,54,54
608,UK,3,2015,Phishing,Healthcare,81.75,98634,Unknown,Social Engineering,VPN,5,47
609,USA,10,2018,Phishing,Telecommunications,42.46,93999,Nation-state,Social Engineering,Encryption,65,44
610,France,5,2017,SQL Injection,Education,14.54,171095,Hacker Group,Zero-day,AI-based Detection,63,111
611,USA,10,2015,Man-in-the-Middle,IT,38.92,820182,Nation-state,Weak Passwords,Antivirus,16,52
612,Germany,4,2018,SQL Injection,Telecommunications,4.2,164890,Insider,Weak Passwords,Encryption,61,64
613,China,1,2015,SQL Injection,Telecommunications,75.91,605020,Insider,Unpatched Software,Antivirus,43,41
614,Australia,6,2024,Ransomware,Education,44.95,500747,Insider,Unpatched Software,AI-based Detection,58,87
615,Japan,9,2020,Man-in-the-Middle,IT,35.79,854904,Insider,Weak Passwords,Firewall,12,116
616,China,1,2020,SQL Injection,Healthcare,62.44,55719,Unknown,Unpatched Software,Firewall,71,65
617,Brazil,8,2015,Phishing,Retail,19.93,355008,Hacker Group,Unpatched Software,Antivirus,31,55
618,UK,3,2019,Phishing,IT,75.31,428615,Unknown,Social Engineering,AI-based Detection,66,101
619,Australia,6,2015,Phishing,Healthcare,76.4,108767,Nation-state,Unpatched Software,VPN,48,1
620,India,2,2020,Man-in-the-Middle,IT,28.69,939469,Insider,Unpatched Software,Encryption,45,37
621,UK,3,2019,Man-in-the-Middle,Government,23.93,325827,Nation-state,Zero-day,Antivirus,39,80
622,UK,3,2017,Man-in-the-Middle,Education,30.44,996762,Hacker Group,Social Engineering,AI-based Detection,27,62
623,Japan,9,2017,Phishing,IT,5.14,319868,Hacker Group,Unpatched Software,VPN,52,1
624,Brazil,8,2018,Man-in-the-Middle,Banking,1.01,66191,Hacker Group,Weak Passwords,AI-based Detection,71,108
625,India,2,2023,Ransomware,IT,18.53,925373,Insider,Zero-day,AI-based Detection,4,115
626,India,2,2015,Malware,Telecommunications,1.52,913114,Insider,Unpatched Software,VPN,15,24
627,Australia,6,2019,DDoS,Healthcare,84.89,163975,Nation-state,Unpatched Software,Firewall,22,9
628,USA,10,2016,DDoS,Education,66.73,876135,Insider,Unpatched Software,AI-based Detection,67,13
629,China,1,2024,Ransomware,Government,72.61,595380,Hacker Group,Zero-day,VPN,10,91
630,France,5,2020,DDoS,Government,44.16,840796,Nation-state,Weak Passwords,AI-based Detection,5,34
631,UK,3,2022,DDoS,Telecommunications,80.05,484908,Unknown,Weak Passwords,Firewall,42,97
632,Russia,7,2018,SQL Injection,Telecommunications,13.69,146100,Unknown,Social Engineering,Encryption,22,81
633,USA,10,2021,Phishing,IT,29.02,555756,Insider,Zero-day,AI-based Detection,21,23
634,India,2,2017,Ransomware,Retail,69.91,340928,Unknown,Social Engineering,Antivirus,61,83
635,UK,3,2016,Malware,Telecommunications,3.76,678640,Insider,Zero-day,Encryption,44,59
636,Brazil,8,2020,Phishing,IT,57.43,212798,Insider,Social Engineering,Antivirus,31,105
637,UK,3,2019,Ransomware,Retail,63.45,354024,Unknown,Weak Passwords,AI-based Detection,33,100
638,UK,3,2016,Man-in-the-Middle,Government,41.34,189354,Insider,Zero-day,Firewall,39,33
639,Australia,6,2022,Phishing,Education,22.73,648363,Unknown,Zero-day,VPN,47,10
640,Brazil,8,2017,DDoS,IT,5.88,231114,Insider,Weak Passwords,AI-based Detection,37,34
641,India,2,2017,Ransomware,Banking,9.81,489620,Unknown,Unpatched Software,VPN,43,56
642,USA,10,2015,DDoS,IT,94.14,854005,Unknown,Zero-day,AI-based Detection,14,35
643,Germany,4,2017,Ransomware,IT,33.24,550719,Hacker Group,Zero-day,AI-based Detection,60,115
644,Germany,4,2019,Man-in-the-Middle,Government,75.37,445254,Hacker Group,Unpatched Software,VPN,42,77
645,Japan,9,2020,Phishing,Education,49.17,218097,Unknown,Zero-day,VPN,32,10
646,Germany,4,2017,Malware,Telecommunications,94.87,324790,Insider,Zero-day,VPN,42,92
647,India,2,2023,SQL Injection,Government,28.71,497965,Unknown,Unpatched Software,VPN,25,99
648,Australia,6,2023,SQL Injection,Education,42.5,933030,Insider,Social Engineering,Antivirus,27,8
649,UK,3,2015,Man-in-the-Middle,IT,53.07,538338,Nation-state,Zero-day,VPN,1,84
650,France,5,2018,Phishing,Retail,99.78,860459,Hacker Group,Social Engineering,AI-based Detection,11,101
651,UK,3,2024,DDoS,Healthcare,82.87,276634,Unknown,Unpatched Software,Antivirus,38,63
652,Germany,4,2018,Man-in-the-Middle,Banking,81.46,316299,Insider,Social Engineering,Firewall,66,94
653,Japan,9,2023,Ransomware,Healthcare,33.66,410385,Unknown,Zero-day,Encryption,71,88
654,Japan,9,2024,DDoS,Healthcare,99.28,589898,Unknown,Weak Passwords,VPN,59,90
655,France,5,2016,Man-in-the-Middle,Retail,14.86,63760,Hacker Group,Weak Passwords,VPN,8,3
656,USA,10,2015,Ransomware,Banking,33.75,58037,Insider,Social Engineering,VPN,13,20
657,UK,3,2017,SQL Injection,Government,82.03,994787,Nation-state,Unpatched Software,Encryption,56,30
658,India,2,2016,Ransomware,Retail,9.53,89719,Unknown,Zero-day,Firewall,68,12
659,Germany,4,2023,SQL Injection,Telecommunications,6.09,590760,Unknown,Unpatched Software,Firewall,32,65
660,UK,3,2022,DDoS,IT,29.05,186700,Insider,Weak Passwords,Antivirus,37,39
661,Japan,9,2019,SQL Injection,Education,89.48,682430,Hacker Group,Zero-day,VPN,5,36
662,Australia,6,2018,SQL Injection,Education,75.2,60868,Insider,Social Engineering,Antivirus,46,8
663,France,5,2016,SQL Injection,Government,29.33,182916,Nation-state,Unpatched Software,Antivirus,17,41
664,France,5,2023,DDoS,Education,65.96,181879,Insider,Weak Passwords,Antivirus,64,39
665,Australia,6,2017,Phishing,Retail,95.2,715732,Unknown,Weak Passwords,Antivirus,11,21
666,UK,3,2023,Malware,Banking,16.02,452477,Hacker Group,Zero-day,Encryption,23,59
667,India,2,2018,Ransomware,Banking,11.19,168881,Insider,Social Engineering,AI-based Detection,5,4
668,France,5,2017,SQL Injection,Healthcare,27.42,94235,Insider,Social Engineering,Antivirus,29,8
669,Australia,6,2015,Ransomware,Telecommunications,17.38,75314,Unknown,Unpatched Software,Encryption,6,25
670,Russia,7,2019,Man-in-the-Middle,Retail,99.53,515797,Nation-state,Social Engineering,Firewall,46,94
671,Russia,7,2024,DDoS,Telecommunications,55.05,363906,Insider,Weak Passwords,Antivirus,31,39
672,UK,3,2022,DDoS,Education,79.6,446296,Unknown,Zero-day,AI-based Detection,4,35
673,Russia,7,2017,Ransomware,Telecommunications,65.18,329972,Nation-state,Unpatched Software,Firewall,48,2
674,China,1,2017,Ransomware,Education,25.73,639190,Insider,Social Engineering,Encryption,33,109
675,USA,10,2022,Ransomware,Government,33.71,135105,Unknown,Unpatched Software,VPN,48,56
676,China,1,2015,DDoS,Education,94.74,103079,Nation-state,Social Engineering,Antivirus,57,112
677,France,5,2018,DDoS,IT,75.88,822364,Unknown,Zero-day,VPN,71,38
678,India,2,2021,SQL Injection,Government,75.25,597509,Nation-state,Social Engineering,Firewall,20,58
679,Brazil,8,2023,Man-in-the-Middle,Telecommunications,90.37,705678,Hacker Group,Zero-day,Antivirus,57,80
680,France,5,2020,Phishing,Retail,14.45,309967,Unknown,Zero-day,Firewall,26,48
681,France,5,2022,Ransomware,Banking,54.47,604250,Unknown,Social Engineering,AI-based Detection,63,4
682,India,2,2024,Ransomware,IT,33.66,131900,Unknown,Unpatched Software,Antivirus,21,71
683,Australia,6,2022,Ransomware,Government,84.51,305494,Insider,Social Engineering,Firewall,19,54
684,Brazil,8,2023,Malware,Healthcare,61.56,907121,Unknown,Social Engineering,VPN,33,74
685,India,2,2024,Phishing,Banking,23.32,879162,Unknown,Zero-day,VPN,38,10
686,Brazil,8,2017,Man-in-the-Middle,Telecommunications,43.71,57237,Unknown,Unpatched Software,Firewall,52,78
687,Australia,6,2016,Phishing,Telecommunications,2.84,880127,Insider,Social Engineering,Antivirus,67,105
688,China,1,2017,Phishing,IT,71.4,698847,Insider,Zero-day,AI-based Detection,17,23
689,India,2,2022,Man-in-the-Middle,Banking,90.87,928859,Unknown,Unpatched Software,Firewall,32,78
690,India,2,2017,SQL Injection,IT,78.94,858565,Unknown,Weak Passwords,Encryption,29,64
691,China,1,2022,Malware,Telecommunications,34.33,571265,Unknown,Unpatched Software,Firewall,17,70
692,Russia,7,2015,DDoS,Banking,40.64,259321,Nation-state,Social Engineering,AI-based Detection,62,18
693,Brazil,8,2022,Man-in-the-Middle,Banking,59.43,121504,Insider,Weak Passwords,AI-based Detection,32,108
694,France,5,2018,DDoS,Banking,50.75,670630,Nation-state,Zero-day,Antivirus,4,79
695,China,1,2024,Ransomware,Banking,72.18,277175,Insider,Social Engineering,Firewall,72,54
696,USA,10,2016,Man-in-the-Middle,Retail,23.35,952463,Nation-state,Unpatched Software,Antivirus,26,66
697,UK,3,2020,DDoS,Government,78.32,624619,Unknown,Weak Passwords,AI-based Detection,67,34
698,China,1,2018,Phishing,Healthcare,20.22,363934,Insider,Weak Passwords,Firewall,24,75
699,Japan,9,2017,SQL Injection,IT,33.15,44750,Unknown,Unpatched Software,Firewall,22,65
700,UK,3,2021,DDoS,Banking,8.82,736601,Nation-state,Zero-day,AI-based Detection,26,35
701,Japan,9,2018,Ransomware,Education,43.32,42876,Unknown,Unpatched Software,Antivirus,40,71
702,Australia,6,2018,DDoS,Healthcare,90.4,536357,Nation-state,Weak Passwords,Encryption,55,60
703,USA,10,2017,Phishing,Government,55.34,785099,Insider,Social Engineering,Encryption,29,44
704,France,5,2019,DDoS,Healthcare,27.89,460544,Unknown,Weak Passwords,Firewall,29,97
705,France,5,2020,Ransomware,Education,66.04,881755,Unknown,Zero-day,Firewall,10,12
706,India,2,2024,SQL Injection,Telecommunications,10.24,213393,Unknown,Social Engineering,Encryption,49,81
707,UK,3,2017,Man-in-the-Middle,Telecommunications,43.82,213979,Hacker Group,Unpatched Software,Firewall,10,78
708,UK,3,2021,Malware,Telecommunications,3.17,570243,Insider,Unpatched Software,Antivirus,51,42
709,Brazil,8,2016,Malware,Government,72.73,47624,Nation-state,Weak Passwords,Firewall,70,98
710,China,1,2024,Man-in-the-Middle,Banking,16.09,72940,Nation-state,Zero-day,VPN,26,84
711,Japan,9,2020,Malware,Telecommunications,98.14,710142,Insider,Zero-day,AI-based Detection,56,29
712,Japan,9,2023,Malware,Retail,51.91,360524,Hacker Group,Unpatched Software,Firewall,47,70
713,France,5,2017,Phishing,IT,55.9,309259,Insider,Zero-day,AI-based Detection,3,23
714,UK,3,2024,Phishing,Government,30.68,393201,Nation-state,Social Engineering,Firewall,3,69
715,Germany,4,2020,Ransomware,IT,65.2,306799,Unknown,Zero-day,Encryption,61,88
716,Russia,7,2022,Malware,Healthcare,81.92,30180,Insider,Weak Passwords,AI-based Detection,53,40
717,India,2,2017,Phishing,Retail,97.87,113745,Unknown,Unpatched Software,Encryption,2,57
718,Japan,9,2024,Ransomware,Banking,24.22,584428,Nation-state,Weak Passwords,Firewall,34,68
719,France,5,2020,Ransomware,Healthcare,3.27,178268,Nation-state,Unpatched Software,Antivirus,2,71
720,China,1,2022,Phishing,Retail,33.69,338578,Unknown,Social Engineering,AI-based Detection,38,101
721,China,1,2024,DDoS,Healthcare,7.31,972407,Hacker Group,Zero-day,Encryption,51,27
722,Brazil,8,2022,Ransomware,Banking,15.66,817169,Insider,Unpatched Software,Firewall,54,2
723,Australia,6,2015,Malware,Healthcare,62.34,796100,Hacker Group,Social Engineering,AI-based Detection,20,61
724,UK,3,2016,Man-in-the-Middle,Banking,76.06,530253,Unknown,Weak Passwords,Encryption,28,113
725,Australia,6,2024,Man-in-the-Middle,Government,50.36,165496,Nation-state,Weak Passwords,Encryption,72,113
726,Russia,7,2021,Ransomware,Banking,34.92,501490,Insider,Social Engineering,Firewall,44,54
727,India,2,2016,Malware,Banking,11.81,392365,Insider,Social Engineering,Antivirus,72,26
728,China,1,2022,Malware,Education,96.72,194617,Insider,Social Engineering,Antivirus,31,26
729,Japan,9,2022,Man-in-the-Middle,Retail,44.34,516125,Unknown,Zero-day,Firewall,67,33
730,Australia,6,2021,Man-in-the-Middle,Telecommunications,67.72,393335,Hacker Group,Social Engineering,Antivirus,31,6
731,UK,3,2018,SQL Injection,Government,34.09,197436,Unknown,Zero-day,Antivirus,10,89
732,France,5,2022,DDoS,Education,31.51,452360,Nation-state,Zero-day,Antivirus,65,79
733,Australia,6,2018,DDoS,Healthcare,20.39,913090,Unknown,Zero-day,VPN,2,38
734,Germany,4,2018,SQL Injection,Telecommunications,38.65,368222,Insider,Zero-day,VPN,56,36
735,India,2,2022,SQL Injection,Healthcare,77.3,826937,Unknown,Zero-day,AI-based Detection,64,111
736,Brazil,8,2015,Ransomware,Retail,89.93,673959,Hacker Group,Zero-day,Firewall,39,12
737,UK,3,2022,Ransomware,Education,4.29,383246,Nation-state,Unpatched Software,VPN,45,56
738,UK,3,2019,Man-in-the-Middle,Banking,76.03,422890,Insider,Social Engineering,VPN,4,5
739,Australia,6,2020,Malware,Banking,42.3,497035,Hacker Group,Zero-day,AI-based Detection,66,29
740,Brazil,8,2023,Phishing,Government,72.57,720220,Unknown,Weak Passwords,Firewall,71,75
741,Russia,7,2019,Phishing,Government,93.7,808318,Nation-state,Social Engineering,Antivirus,57,105
742,Germany,4,2022,SQL Injection,IT,68.63,294981,Unknown,Zero-day,AI-based Detection,3,111
743,USA,10,2017,Phishing,Healthcare,52.7,281182,Nation-state,Zero-day,Encryption,27,15
744,Australia,6,2017,Ransomware,Education,66.56,95750,Nation-state,Zero-day,Antivirus,44,106
745,Brazil,8,2015,Ransomware,Retail,91.03,879260,Hacker Group,Social Engineering,Antivirus,16,83
746,Russia,7,2017,Man-in-the-Middle,IT,14.74,561615,Hacker Group,Weak Passwords,Antivirus,29,52
747,Brazil,8,2016,SQL Injection,Retail,40.29,206598,Unknown,Zero-day,Encryption,45,102
748,Brazil,8,2017,Man-in-the-Middle,IT,56.83,171305,Unknown,Unpatched Software,Firewall,54,78
749,Russia,7,2024,SQL Injection,Government,63.45,492909,Unknown,Zero-day,AI-based Detection,42,111
750,UK,3,2021,Man-in-the-Middle,IT,72.57,477493,Hacker Group,Unpatched Software,Encryption,16,37
751,Japan,9,2021,Phishing,Government,22.94,622723,Nation-state,Weak Passwords,AI-based Detection,67,43
752,Australia,6,2016,Malware,Healthcare,80.22,124155,Nation-state,Weak Passwords,Encryption,40,51
753,China,1,2024,Malware,Retail,34.49,897277,Unknown,Zero-day,VPN,55,92
754,USA,10,2017,SQL Injection,Healthcare,51.26,28682,Hacker Group,Zero-day,VPN,44,36
755,Japan,9,2020,Phishing,Banking,73.04,512431,Nation-state,Unpatched Software,VPN,44,1
756,Australia,6,2018,SQL Injection,IT,19.14,171977,Unknown,Zero-day,Antivirus,44,89
757,UK,3,2015,SQL Injection,Telecommunications,38.72,943070,Hacker Group,Zero-day,VPN,36,36
758,Japan,9,2021,DDoS,Education,14.88,887855,Nation-state,Zero-day,AI-based Detection,7,35
759,USA,10,2018,Ransomware,Retail,54.05,535110,Nation-state,Zero-day,Antivirus,2,106
760,USA,10,2021,Man-in-the-Middle,Telecommunications,42.29,817386,Nation-state,Zero-day,Firewall,8,33
761,India,2,2018,Phishing,Banking,96.59,206552,Nation-state,Weak Passwords,Encryption,13,95
762,Brazil,8,2020,Man-in-the-Middle,Education,71.35,154966,Hacker Group,Zero-day,Antivirus,19,80
763,France,5,2016,Phishing,Banking,54.5,511287,Unknown,Unpatched Software,Antivirus,34,55
764,Germany,4,2023,SQL Injection,Banking,94.48,426499,Unknown,Unpatched Software,VPN,37,99
765,UK,3,2016,Man-in-the-Middle,Telecommunications,73.63,15907,Hacker Group,Social Engineering,Antivirus,36,6
766,UK,3,2022,Phishing,Education,36.15,375734,Nation-state,Weak Passwords,AI-based Detection,31,43
767,Brazil,8,2023,Malware,Government,19.18,993826,Unknown,Zero-day,Firewall,7,50
768,India,2,2023,Ransomware,Banking,83.18,397813,Nation-state,Social Engineering,Antivirus,12,83
769,France,5,2024,Ransomware,Banking,70.98,185001,Insider,Zero-day,VPN,3,91
770,Japan,9,2024,DDoS,IT,7.99,805548,Insider,Unpatched Software,Antivirus,10,63
771,Brazil,8,2015,SQL Injection,Retail,74.74,562552,Nation-state,Unpatched Software,Encryption,37,30
772,Brazil,8,2018,Malware,Education,33.12,724513,Nation-state,Zero-day,VPN,46,92
773,UK,3,2024,SQL Injection,Telecommunications,54.1,715395,Unknown,Social Engineering,VPN,60,96
774,France,5,2020,Ransomware,Telecommunications,75.13,177097,Unknown,Unpatched Software,Encryption,15,25
775,Australia,6,2020,Man-in-the-Middle,Banking,56.34,407084,Unknown,Unpatched Software,Firewall,11,78
776,UK,3,2023,Phishing,Healthcare,23.66,889641,Hacker Group,Social Engineering,AI-based Detection,50,101
777,USA,10,2019,SQL Injection,IT,17.81,378105,Unknown,Weak Passwords,Encryption,4,64
778,Germany,4,2020,SQL Injection,Education,43.96,597987,Hacker Group,Weak Passwords,Encryption,50,64
779,USA,10,2018,Malware,Education,77.07,10600,Insider,Social Engineering,Firewall,47,17
780,France,5,2016,SQL Injection,Healthcare,10.82,586784,Hacker Group,Weak Passwords,Encryption,26,64
781,India,2,2023,SQL Injection,Banking,48.53,421083,Insider,Unpatched Software,AI-based Detection,28,11
782,Australia,6,2023,Ransomware,Education,94.86,127127,Unknown,Social Engineering,Encryption,47,109
783,China,1,2016,Malware,Government,15.92,668188,Insider,Unpatched Software,AI-based Detection,38,67
784,Japan,9,2018,SQL Injection,Education,11.28,433618,Hacker Group,Social Engineering,Antivirus,59,8
785,Germany,4,2023,Malware,Telecommunications,3.86,51176,Unknown,Social Engineering,Encryption,61,76
786,Germany,4,2016,SQL Injection,IT,34.35,918452,Unknown,Weak Passwords,AI-based Detection,16,107
787,Germany,4,2023,Ransomware,Healthcare,84.92,152814,Nation-state,Social Engineering,AI-based Detection,33,4
788,USA,10,2017,Man-in-the-Middle,Retail,74.57,502149,Hacker Group,Weak Passwords,AI-based Detection,29,108
789,USA,10,2019,Ransomware,Healthcare,89.81,46960,Nation-state,Zero-day,AI-based Detection,16,115
790,Brazil,8,2017,SQL Injection,Government,40.66,651335,Insider,Weak Passwords,Encryption,21,64
791,Brazil,8,2018,DDoS,Telecommunications,69.83,587034,Hacker Group,Weak Passwords,AI-based Detection,35,34
792,France,5,2015,Man-in-the-Middle,Healthcare,79.58,856278,Hacker Group,Zero-day,Firewall,71,33
793,China,1,2022,DDoS,Banking,79.07,880586,Hacker Group,Unpatched Software,VPN,56,7
794,USA,10,2019,DDoS,Government,81.56,78873,Hacker Group,Weak Passwords,Encryption,27,60
795,Australia,6,2017,DDoS,Banking,62.81,810106,Hacker Group,Weak Passwords,Encryption,66,60
796,Germany,4,2021,DDoS,Government,28.71,937384,Hacker Group,Unpatched Software,Encryption,67,82
797,Japan,9,2023,Man-in-the-Middle,Retail,36.68,231307,Unknown,Zero-day,Encryption,4,103
798,China,1,2016,DDoS,IT,71.75,816710,Hacker Group,Weak Passwords,VPN,60,90
799,USA,10,2019,Man-in-the-Middle,Telecommunications,17.21,896828,Unknown,Weak Passwords,Firewall,33,116
800,UK,3,2016,DDoS,Telecommunications,48.47,937466,Hacker Group,Social Engineering,AI-based Detection,28,18
801,China,1,2020,DDoS,Banking,11.72,81518,Nation-state,Social Engineering,VPN,47,22
802,Brazil,8,2015,Malware,IT,1.35,371048,Hacker Group,Zero-day,VPN,56,92
803,USA,10,2019,Phishing,IT,20.13,25946,Hacker Group,Weak Passwords,AI-based Detection,68,43
804,France,5,2017,Man-in-the-Middle,Education,14.99,942088,Insider,Zero-day,AI-based Detection,46,45
805,Japan,9,2015,Malware,Telecommunications,28.8,915532,Insider,Zero-day,Encryption,68,59
806,USA,10,2018,SQL Injection,Government,99.49,755576,Insider,Weak Passwords,AI-based Detection,23,107
807,Brazil,8,2018,Malware,Education,6.3,661644,Insider,Social Engineering,AI-based Detection,29,61
808,UK,3,2019,DDoS,Telecommunications,95.75,168951,Insider,Social Engineering,VPN,13,22
809,Russia,7,2022,Man-in-the-Middle,IT,49.87,816398,Insider,Social Engineering,Encryption,39,73
810,India,2,2017,DDoS,Education,83.49,79933,Hacker Group,Zero-day,AI-based Detection,23,35
811,USA,10,2019,Malware,Government,83.84,506149,Nation-state,Social Engineering,Encryption,35,76
812,Japan,9,2021,Phishing,Retail,81.26,245015,Nation-state,Zero-day,Firewall,41,48
813,Japan,9,2017,SQL Injection,Banking,66.81,966993,Hacker Group,Social Engineering,VPN,64,96
814,Australia,6,2016,Malware,Education,88.87,235062,Nation-state,Weak Passwords,Firewall,32,98
815,Brazil,8,2022,Phishing,Healthcare,75.08,132520,Unknown,Zero-day,Antivirus,56,31
816,Germany,4,2016,SQL Injection,Retail,56.57,869605,Unknown,Social Engineering,VPN,51,96
817,USA,10,2017,Phishing,Banking,96.27,637264,Hacker Group,Unpatched Software,AI-based Detection,11,85
818,Russia,7,2021,DDoS,Banking,45.6,759356,Insider,Social Engineering,VPN,1,22
819,Brazil,8,2021,DDoS,Education,69.37,666096,Hacker Group,Zero-day,Encryption,9,27
820,India,2,2021,SQL Injection,Telecommunications,68.91,851981,Nation-state,Zero-day,AI-based Detection,57,111
821,Australia,6,2024,Phishing,Banking,14.97,214740,Nation-state,Unpatched Software,Encryption,57,57
822,Brazil,8,2016,Phishing,Government,35.94,372653,Hacker Group,Weak Passwords,VPN,60,32
823,India,2,2024,Phishing,Banking,64.23,903871,Nation-state,Unpatched Software,Encryption,17,57
824,India,2,2015,Malware,Education,64.29,924049,Nation-state,Social Engineering,VPN,5,74
825,Australia,6,2020,Malware,Government,98.05,193983,Nation-state,Zero-day,Antivirus,31,86
826,Russia,7,2021,Ransomware,Telecommunications,11.04,904330,Nation-state,Weak Passwords,VPN,49,110
827,India,2,2018,SQL Injection,Education,52.05,874254,Nation-state,Zero-day,Antivirus,11,89
828,Germany,4,2020,Man-in-the-Middle,Healthcare,28.81,691190,Nation-state,Unpatched Software,Firewall,27,78
829,China,1,2024,DDoS,IT,61.42,412245,Nation-state,Social Engineering,Encryption,48,14
830,France,5,2021,Man-in-the-Middle,Healthcare,53.77,302180,Insider,Weak Passwords,AI-based Detection,11,108
831,USA,10,2016,Ransomware,Government,8.21,537592,Nation-state,Social Engineering,Antivirus,11,83
832,Brazil,8,2022,SQL Injection,Retail,25.85,632061,Nation-state,Zero-day,Antivirus,2,89
833,Brazil,8,2015,DDoS,Retail,67.52,224815,Nation-state,Social Engineering,Firewall,32,49
834,India,2,2022,DDoS,IT,23.91,169310,Unknown,Weak Passwords,Encryption,36,60
835,Japan,9,2023,Man-in-the-Middle,Telecommunications,86.98,635827,Nation-state,Social Engineering,Encryption,72,73
836,UK,3,2022,Ransomware,IT,63.67,560021,Unknown,Zero-day,Encryption,43,88
837,Japan,9,2021,Man-in-the-Middle,Government,61.03,768506,Nation-state,Zero-day,AI-based Detection,11,45
838,Australia,6,2018,Phishing,Healthcare,39.94,755469,Hacker Group,Social Engineering,Antivirus,58,105
839,India,2,2022,Ransomware,Retail,74.05,205336,Hacker Group,Social Engineering,AI-based Detection,2,4
840,France,5,2020,DDoS,IT,7.52,957779,Nation-state,Social Engineering,Encryption,17,14
841,UK,3,2017,Malware,Education,29.47,85644,Hacker Group,Social Engineering,AI-based Detection,3,61
842,France,5,2019,Man-in-the-Middle,Telecommunications,75.99,561713,Insider,Unpatched Software,Firewall,31,78
843,Germany,4,2017,Phishing,Healthcare,53.57,287762,Insider,Weak Passwords,Encryption,13,95
844,India,2,2015,Phishing,Healthcare,76.08,471550,Unknown,Zero-day,VPN,5,10
845,Japan,9,2018,SQL Injection,IT,69.19,33209,Insider,Unpatched Software,AI-based Detection,66,11
846,China,1,2017,Phishing,Retail,45.83,395251,Unknown,Unpatched Software,Encryption,33,57
847,Germany,4,2019,DDoS,IT,14.77,491791,Hacker Group,Zero-day,Encryption,66,27
848,Australia,6,2016,Phishing,Healthcare,53.81,279874,Hacker Group,Unpatched Software,AI-based Detection,66,85
849,France,5,2019,Malware,IT,71.94,881326,Insider,Unpatched Software,Firewall,43,70
850,UK,3,2023,DDoS,IT,68.86,749700,Nation-state,Zero-day,AI-based Detection,35,35
851,UK,3,2022,Phishing,Government,97.56,722445,Nation-state,Weak Passwords,Firewall,10,75
852,USA,10,2023,Ransomware,Government,84.13,695841,Nation-state,Zero-day,AI-based Detection,21,115
853,USA,10,2020,SQL Injection,Government,40.95,803757,Hacker Group,Social Engineering,Firewall,33,58
854,Japan,9,2022,DDoS,IT,20.16,174510,Insider,Zero-day,AI-based Detection,60,35
855,Germany,4,2022,SQL Injection,Retail,11.51,857660,Hacker Group,Zero-day,VPN,37,36
856,UK,3,2020,SQL Injection,Banking,47.67,729265,Unknown,Zero-day,Firewall,42,119
857,India,2,2023,Phishing,Retail,38.89,836604,Hacker Group,Unpatched Software,AI-based Detection,44,85
858,China,1,2016,Malware,Government,91.69,885843,Insider,Unpatched Software,AI-based Detection,46,67
859,France,5,2015,Man-in-the-Middle,Education,17.94,808798,Unknown,Social Engineering,Encryption,60,73
860,Russia,7,2018,Man-in-the-Middle,Telecommunications,30.5,401208,Hacker Group,Unpatched Software,VPN,10,77
861,Japan,9,2021,Ransomware,Healthcare,77.33,380970,Nation-state,Weak Passwords,Encryption,44,120
862,USA,10,2021,Phishing,Healthcare,70.03,248437,Hacker Group,Social Engineering,Encryption,70,44
863,Australia,6,2024,SQL Injection,Retail,66.49,709125,Hacker Group,Weak Passwords,AI-based Detection,37,107
864,Japan,9,2018,Malware,Education,5.33,656250,Hacker Group,Social Engineering,Firewall,67,17
865,India,2,2020,Ransomware,Healthcare,10.46,32616,Unknown,Unpatched Software,Firewall,63,2
866,Australia,6,2017,Phishing,Healthcare,39.3,290846,Unknown,Weak Passwords,Firewall,3,75
867,India,2,2023,DDoS,Banking,23.83,557428,Insider,Unpatched Software,VPN,38,7
868,Japan,9,2015,DDoS,Banking,59.13,182440,Insider,Zero-day,Firewall,8,104
869,Australia,6,2021,DDoS,Government,30.24,292383,Insider,Social Engineering,Encryption,71,14
870,France,5,2017,DDoS,Government,86.82,99728,Nation-state,Unpatched Software,VPN,44,7
871,USA,10,2015,DDoS,IT,66.39,365006,Insider,Weak Passwords,VPN,47,90
872,Russia,7,2019,Ransomware,Telecommunications,61.11,605427,Nation-state,Zero-day,Encryption,33,88
873,USA,10,2022,Malware,Retail,7.65,864358,Hacker Group,Unpatched Software,VPN,11,24
874,USA,10,2016,Ransomware,Retail,9.82,610968,Unknown,Unpatched Software,Antivirus,26,71
875,China,1,2016,DDoS,IT,67.28,413150,Hacker Group,Social Engineering,Firewall,27,49
876,USA,10,2017,Malware,Education,13.14,681956,Nation-state,Social Engineering,Antivirus,35,26
877,Australia,6,2016,Man-in-the-Middle,IT,84.46,94162,Unknown,Weak Passwords,Firewall,15,116
878,France,5,2023,Man-in-the-Middle,Retail,9.43,565002,Hacker Group,Unpatched Software,Firewall,72,78
879,France,5,2017,Phishing,Retail,90.69,275185,Nation-state,Zero-day,Encryption,20,15
880,Russia,7,2021,DDoS,Retail,37.47,476758,Hacker Group,Unpatched Software,AI-based Detection,19,13
881,USA,10,2024,SQL Injection,Banking,7.2,312607,Hacker Group,Weak Passwords,Antivirus,24,72
882,Russia,7,2017,Phishing,Banking,94.15,963192,Hacker Group,Weak Passwords,VPN,7,32
883,Australia,6,2015,Malware,Healthcare,42.15,680874,Unknown,Zero-day,Antivirus,8,86
884,France,5,2018,DDoS,Government,15.71,904770,Hacker Group,Social Engineering,Antivirus,4,112
885,USA,10,2022,SQL Injection,Government,98.46,429452,Hacker Group,Weak Passwords,Antivirus,6,72
886,USA,10,2018,Ransomware,Healthcare,51.71,858128,Hacker Group,Social Engineering,Antivirus,35,83
887,China,1,2021,Malware,Education,42.26,615849,Nation-state,Unpatched Software,Encryption,44,93
888,UK,3,2019,Phishing,Education,99.45,467349,Nation-state,Zero-day,Firewall,44,48
889,France,5,2021,SQL Injection,Retail,63.74,235418,Nation-state,Weak Passwords,Encryption,28,64
890,Australia,6,2017,SQL Injection,IT,5.05,823606,Insider,Weak Passwords,Encryption,25,64
891,China,1,2020,SQL Injection,IT,89.38,923489,Nation-state,Unpatched Software,Firewall,66,65
892,USA,10,2024,Phishing,IT,58.57,630793,Hacker Group,Social Engineering,AI-based Detection,64,101
893,France,5,2015,SQL Injection,Education,65.83,691903,Unknown,Zero-day,VPN,54,36
894,UK,3,2019,Phishing,Government,79.79,133632,Hacker Group,Weak Passwords,Firewall,8,75
895,Australia,6,2017,Phishing,Banking,90.5,42278,Insider,Weak Passwords,AI-based Detection,45,43
896,Germany,4,2016,Phishing,IT,2.1,176471,Unknown,Zero-day,VPN,9,10
897,India,2,2015,SQL Injection,Telecommunications,63.72,916516,Hacker Group,Social Engineering,Encryption,68,81
898,Japan,9,2023,SQL Injection,Government,87.8,510002,Hacker Group,Social Engineering,Firewall,62,58
899,UK,3,2015,Malware,IT,82.45,435994,Nation-state,Unpatched Software,Encryption,51,93
900,India,2,2016,Ransomware,IT,66.19,537670,Hacker Group,Unpatched Software,Encryption,55,25
901,Russia,7,2022,Malware,Banking,39.62,850339,Hacker Group,Social Engineering,Firewall,50,17
902,Japan,9,2021,DDoS,Government,35.46,937562,Unknown,Zero-day,Firewall,10,104
903,France,5,2020,Malware,Government,10.62,405267,Nation-state,Unpatched Software,AI-based Detection,5,67
904,China,1,2022,DDoS,Government,80.76,346279,Unknown,Zero-day,Encryption,59,27
905,Brazil,8,2016,DDoS,Telecommunications,10.45,889928,Nation-state,Zero-day,Encryption,63,27
906,France,5,2018,SQL Injection,Healthcare,0.95,376206,Unknown,Unpatched Software,Antivirus,44,41
907,India,2,2018,Ransomware,IT,27.14,227433,Unknown,Unpatched Software,Antivirus,13,71
908,Germany,4,2023,Ransomware,Healthcare,54.79,393779,Nation-state,Weak Passwords,Encryption,39,120
909,Russia,7,2022,Ransomware,IT,41.08,529025,Insider,Unpatched Software,AI-based Detection,42,87
910,Brazil,8,2024,Man-in-the-Middle,Education,8.94,451311,Unknown,Weak Passwords,Encryption,14,113
911,India,2,2017,Ransomware,Education,98.11,677198,Unknown,Social Engineering,VPN,28,20
912,Russia,7,2024,Man-in-the-Middle,Healthcare,9.4,480988,Nation-state,Unpatched Software,Encryption,59,37
913,Australia,6,2015,Ransomware,Telecommunications,46.39,605536,Nation-state,Unpatched Software,VPN,61,56
914,Brazil,8,2018,Ransomware,Banking,30.61,910960,Nation-state,Social Engineering,Antivirus,31,83
915,China,1,2018,Ransomware,Banking,43.98,386308,Nation-state,Weak Passwords,Antivirus,3,19
916,Australia,6,2017,Man-in-the-Middle,Banking,54.38,100855,Unknown,Social Engineering,VPN,2,5
917,China,1,2023,Malware,Education,23.74,317922,Insider,Social Engineering,Antivirus,18,26
918,USA,10,2018,DDoS,IT,82.13,220618,Unknown,Weak Passwords,Firewall,59,97
919,India,2,2015,Ransomware,Telecommunications,24.7,825941,Hacker Group,Unpatched Software,VPN,54,56
920,China,1,2022,Malware,Education,60.9,331234,Unknown,Social Engineering,Antivirus,3,26
921,China,1,2020,Man-in-the-Middle,Telecommunications,14.61,855055,Hacker Group,Unpatched Software,Antivirus,59,66
922,Japan,9,2022,DDoS,Telecommunications,34.31,305329,Unknown,Unpatched Software,Firewall,40,9
923,Japan,9,2020,Phishing,Government,32.39,442923,Nation-state,Social Engineering,Encryption,57,44
924,UK,3,2015,Ransomware,Banking,79.3,893277,Unknown,Social Engineering,Firewall,15,54
925,China,1,2020,Malware,Healthcare,30.86,240532,Insider,Weak Passwords,Encryption,64,51
926,USA,10,2016,DDoS,Healthcare,93.14,947960,Nation-state,Weak Passwords,Firewall,55,97
927,Brazil,8,2018,Malware,Healthcare,52.87,437283,Insider,Zero-day,Antivirus,30,86
928,China,1,2019,Malware,Healthcare,29.61,761390,Insider,Weak Passwords,Antivirus,7,46
929,France,5,2019,Phishing,Retail,25.75,998507,Insider,Weak Passwords,AI-based Detection,15,43
930,India,2,2017,DDoS,Retail,82.17,593329,Hacker Group,Unpatched Software,AI-based Detection,62,13
931,UK,3,2019,Phishing,Banking,60.07,197590,Insider,Zero-day,Encryption,62,15
932,Japan,9,2017,Ransomware,Banking,50.75,53111,Hacker Group,Social Engineering,Antivirus,15,83
933,Australia,6,2017,Phishing,Retail,14.88,69641,Hacker Group,Unpatched Software,Firewall,54,53
934,Germany,4,2022,DDoS,IT,73.98,953770,Insider,Weak Passwords,Firewall,54,97
935,Japan,9,2023,SQL Injection,Retail,42.33,643549,Nation-state,Weak Passwords,VPN,20,117
936,Brazil,8,2022,Man-in-the-Middle,Education,77.98,899279,Insider,Zero-day,Firewall,39,33
937,India,2,2016,Ransomware,Education,8.55,857887,Unknown,Social Engineering,Firewall,44,54
938,Russia,7,2016,Phishing,Government,30.57,503775,Unknown,Zero-day,VPN,71,10
939,Japan,9,2015,SQL Injection,IT,36.98,452892,Unknown,Weak Passwords,VPN,17,117
940,Russia,7,2018,Ransomware,Healthcare,24.06,327566,Unknown,Unpatched Software,AI-based Detection,6,87
941,Australia,6,2018,Ransomware,Education,50.66,851204,Insider,Zero-day,Firewall,3,12
942,UK,3,2017,Man-in-the-Middle,Government,79.27,923309,Hacker Group,Unpatched Software,Firewall,29,78
943,Brazil,8,2023,Phishing,Banking,71.86,151590,Nation-state,Zero-day,Antivirus,30,31
944,UK,3,2022,DDoS,Education,21.01,452432,Nation-state,Unpatched Software,Firewall,8,9
945,Japan,9,2015,Ransomware,Retail,95.38,769596,Nation-state,Weak Passwords,VPN,65,110
946,Germany,4,2022,Phishing,Banking,14.79,407151,Unknown,Weak Passwords,Antivirus,37,21
947,Brazil,8,2023,DDoS,IT,45.97,312555,Nation-state,Social Engineering,AI-based Detection,67,18
948,Brazil,8,2019,Man-in-the-Middle,Government,76.39,311908,Unknown,Weak Passwords,Encryption,68,113
949,China,1,2018,Malware,Banking,68.55,59979,Insider,Zero-day,Firewall,41,50
950,Japan,9,2019,Malware,IT,9.86,233545,Unknown,Zero-day,Antivirus,55,86
951,France,5,2020,Man-in-the-Middle,Retail,89.85,722081,Hacker Group,Zero-day,VPN,33,84
952,Russia,7,2024,SQL Injection,Healthcare,76.99,873037,Nation-state,Unpatched Software,Antivirus,31,41
953,India,2,2022,Malware,IT,12.08,482213,Nation-state,Social Engineering,AI-based Detection,3,61
954,India,2,2020,Phishing,Education,39.72,512850,Hacker Group,Zero-day,Antivirus,15,31
955,China,1,2023,Man-in-the-Middle,Telecommunications,37.73,849834,Hacker Group,Zero-day,AI-based Detection,56,45
956,Brazil,8,2022,Malware,Retail,78.03,660707,Insider,Unpatched Software,Firewall,11,70
957,USA,10,2021,Ransomware,Education,6.77,697935,Unknown,Social Engineering,AI-based Detection,16,4
958,Russia,7,2019,Malware,IT,71.92,500655,Nation-state,Zero-day,AI-based Detection,8,29
959,USA,10,2020,Ransomware,IT,95.79,239343,Nation-state,Zero-day,VPN,63,91
960,China,1,2023,Phishing,Retail,90.04,143728,Unknown,Zero-day,AI-based Detection,57,23
961,USA,10,2020,Phishing,Retail,99.64,464717,Insider,Weak Passwords,VPN,27,32
962,Russia,7,2018,SQL Injection,Education,1.25,351063,Nation-state,Weak Passwords,Firewall,56,118
963,Australia,6,2015,DDoS,Government,13.96,479025,Nation-state,Zero-day,Antivirus,54,79
964,Germany,4,2021,DDoS,Banking,1.62,823004,Nation-state,Zero-day,Encryption,22,27
965,Russia,7,2021,DDoS,Education,18.47,394957,Hacker Group,Weak Passwords,Antivirus,27,39
966,France,5,2019,Phishing,Telecommunications,28.88,96640,Unknown,Social Engineering,Antivirus,60,105
967,Russia,7,2024,DDoS,Education,19.5,325634,Insider,Weak Passwords,Firewall,5,97
968,France,5,2023,SQL Injection,Government,29.63,662667,Hacker Group,Zero-day,VPN,30,36
969,USA,10,2024,Phishing,IT,57.24,107681,Unknown,Zero-day,VPN,18,10
970,Russia,7,2017,Phishing,Banking,3.2,982243,Insider,Zero-day,Encryption,6,15
971,Japan,9,2022,SQL Injection,Government,79.19,950425,Unknown,Social Engineering,Antivirus,54,8
972,Brazil,8,2017,Ransomware,Education,80.5,279808,Insider,Social Engineering,Antivirus,60,83
973,India,2,2024,SQL Injection,Telecommunications,71.2,190099,Unknown,Zero-day,AI-based Detection,15,111
974,Brazil,8,2019,Malware,Government,12.04,713035,Nation-state,Social Engineering,AI-based Detection,59,61
975,Australia,6,2016,Malware,Retail,29.05,817347,Nation-state,Weak Passwords,Antivirus,68,46
976,Germany,4,2023,Ransomware,Healthcare,28.18,707214,Unknown,Weak Passwords,AI-based Detection,11,100
977,UK,3,2016,DDoS,Retail,39.26,668780,Hacker Group,Zero-day,Firewall,33,104
978,Russia,7,2015,DDoS,Telecommunications,57.21,609196,Unknown,Social Engineering,VPN,4,22
979,USA,10,2021,Man-in-the-Middle,Telecommunications,83.88,980367,Nation-state,Unpatched Software,Firewall,3,78
980,Russia,7,2022,Man-in-the-Middle,IT,84.1,919858,Nation-state,Unpatched Software,Encryption,47,37
981,France,5,2017,DDoS,Healthcare,39.49,195459,Hacker Group,Weak Passwords,Encryption,14,60
982,Russia,7,2015,Man-in-the-Middle,Government,46.76,713342,Unknown,Weak Passwords,Encryption,36,113
983,UK,3,2019,DDoS,Banking,80.68,19007,Nation-state,Unpatched Software,VPN,29,7
984,China,1,2022,Ransomware,Government,86.56,963091,Insider,Zero-day,VPN,37,91
985,UK,3,2017,Malware,Government,66.25,726887,Hacker Group,Social Engineering,Firewall,13,17
986,Russia,7,2021,DDoS,IT,78.76,130413,Unknown,Social Engineering,Encryption,66,14
987,Germany,4,2017,Malware,Banking,97.68,906914,Hacker Group,Zero-day,AI-based Detection,15,29
988,China,1,2020,Ransomware,IT,14.94,557218,Nation-state,Zero-day,Firewall,70,12
989,Russia,7,2018,SQL Injection,Banking,59.29,380543,Unknown,Weak Passwords,VPN,26,117
990,UK,3,2022,Malware,Retail,39.55,337363,Insider,Social Engineering,VPN,2,74
991,China,1,2018,DDoS,IT,14.04,803086,Nation-state,Social Engineering,VPN,23,22
992,China,1,2024,Man-in-the-Middle,IT,63.79,195858,Hacker Group,Zero-day,Encryption,1,103
993,India,2,2019,Malware,Banking,37.03,358371,Insider,Weak Passwords,AI-based Detection,30,40
994,Australia,6,2019,Phishing,Retail,9.12,212267,Insider,Zero-day,Antivirus,14,31
995,France,5,2021,Man-in-the-Middle,Healthcare,52.04,757744,Nation-state,Zero-day,Antivirus,43,80
996,Japan,9,2017,Ransomware,Retail,59.13,747705,Insider,Unpatched Software,VPN,47,56
997,USA,10,2024,Phishing,Telecommunications,64.67,996651,Hacker Group,Weak Passwords,Encryption,69,95
998,UK,3,2015,Ransomware,Government,52.78,281905,Insider,Social Engineering,VPN,32,20
999,Brazil,8,2019,Man-in-the-Middle,Healthcare,7.44,739981,Unknown,Social Engineering,Antivirus,54,6
1000,France,5,2016,SQL Injection,Telecommunications,47.19,554448,Hacker Group,Social Engineering,Antivirus,31,8
1001,USA,10,2016,Ransomware,Healthcare,99.19,745103,Insider,Unpatched Software,Encryption,8,25
1002,India,2,2015,DDoS,Healthcare,10.94,600279,Insider,Unpatched Software,AI-based Detection,16,13
1003,Russia,7,2016,Man-in-the-Middle,IT,48.86,973654,Unknown,Unpatched Software,Encryption,23,37
1004,China,1,2016,DDoS,Telecommunications,80.48,78123,Hacker Group,Social Engineering,Antivirus,50,112
1005,UK,3,2015,Man-in-the-Middle,Government,69.96,675955,Insider,Zero-day,Antivirus,60,80
1006,China,1,2016,DDoS,IT,18.96,122866,Insider,Unpatched Software,VPN,46,7
1007,Russia,7,2018,Ransomware,Education,66.33,177570,Nation-state,Social Engineering,Encryption,72,109
1008,France,5,2024,Man-in-the-Middle,Retail,60.4,774913,Unknown,Unpatched Software,Antivirus,43,66
1009,China,1,2024,Phishing,IT,24.92,852327,Unknown,Zero-day,VPN,44,10
1010,Australia,6,2019,DDoS,IT,32.06,775033,Hacker Group,Zero-day,Antivirus,8,79
1011,China,1,2022,Phishing,Telecommunications,71.77,823093,Insider,Zero-day,Firewall,36,48
1012,France,5,2018,Phishing,Government,70.59,947445,Insider,Social Engineering,Encryption,59,44
1013,Japan,9,2018,DDoS,IT,75.34,972713,Unknown,Unpatched Software,Encryption,71,82
1014,France,5,2023,Malware,Banking,9.99,116840,Unknown,Zero-day,Firewall,51,50
1015,USA,10,2021,Ransomware,Telecommunications,91.94,710953,Unknown,Zero-day,Firewall,9,12
1016,Russia,7,2015,DDoS,IT,66.09,467190,Nation-state,Social Engineering,AI-based Detection,25,18
1017,Germany,4,2024,Phishing,Healthcare,66.73,540773,Unknown,Unpatched Software,VPN,15,1
1018,Australia,6,2018,SQL Injection,Banking,40.11,874040,Unknown,Social Engineering,Firewall,6,58
1019,Australia,6,2022,SQL Injection,Healthcare,60.71,8498,Nation-state,Weak Passwords,VPN,17,117
1020,USA,10,2016,DDoS,IT,18.48,112881,Hacker Group,Social Engineering,VPN,32,22
1021,Japan,9,2018,DDoS,IT,9.9,942725,Insider,Zero-day,VPN,56,38
1022,France,5,2024,Phishing,Education,52.03,168684,Nation-state,Unpatched Software,VPN,27,1
1023,Japan,9,2018,DDoS,Telecommunications,25.06,559274,Hacker Group,Social Engineering,Firewall,27,49
1024,UK,3,2016,Phishing,Retail,13.68,144856,Unknown,Unpatched Software,Antivirus,13,55
1025,Japan,9,2015,Malware,Banking,2.63,418914,Nation-state,Unpatched Software,Firewall,53,70
1026,Brazil,8,2024,Phishing,Retail,88.47,842945,Hacker Group,Weak Passwords,Firewall,67,75
1027,UK,3,2022,DDoS,Government,50.04,841198,Unknown,Zero-day,VPN,41,38
1028,Germany,4,2024,Phishing,Government,19.52,50054,Insider,Unpatched Software,Antivirus,24,55
1029,Brazil,8,2020,DDoS,Telecommunications,4.52,52302,Unknown,Social Engineering,VPN,58,22
1030,India,2,2015,Man-in-the-Middle,Banking,97.28,694308,Nation-state,Weak Passwords,VPN,66,3
1031,China,1,2019,Malware,Telecommunications,62.67,520232,Nation-state,Weak Passwords,Encryption,53,51
1032,Germany,4,2018,SQL Injection,Retail,46.34,575379,Unknown,Zero-day,AI-based Detection,35,111
1033,Russia,7,2023,Man-in-the-Middle,IT,26.45,850714,Hacker Group,Unpatched Software,Encryption,6,37
1034,Germany,4,2023,SQL Injection,Healthcare,14.12,403325,Hacker Group,Weak Passwords,AI-based Detection,35,107
1035,Brazil,8,2022,Phishing,Education,80.99,345577,Insider,Unpatched Software,Encryption,4,57
1036,Australia,6,2017,Man-in-the-Middle,IT,30.51,428352,Hacker Group,Unpatched Software,Firewall,41,78
1037,Brazil,8,2023,Phishing,Banking,69.45,852592,Nation-state,Zero-day,AI-based Detection,12,23
1038,USA,10,2019,SQL Injection,Education,78.12,36804,Unknown,Weak Passwords,VPN,30,117
1039,Brazil,8,2020,Phishing,Telecommunications,92.63,725707,Hacker Group,Weak Passwords,AI-based Detection,9,43
1040,Australia,6,2017,Man-in-the-Middle,Telecommunications,35.27,765929,Nation-state,Weak Passwords,Firewall,16,116
1041,Russia,7,2017,Man-in-the-Middle,Retail,17.22,242574,Nation-state,Social Engineering,Encryption,59,73
1042,USA,10,2021,SQL Injection,Education,45.52,838652,Unknown,Social Engineering,Encryption,20,81
1043,Japan,9,2018,DDoS,Telecommunications,99.04,389405,Nation-state,Weak Passwords,Antivirus,53,39
1044,Russia,7,2022,Phishing,Telecommunications,56.44,359577,Unknown,Zero-day,Encryption,38,15
1045,India,2,2022,Man-in-the-Middle,Telecommunications,73.24,943689,Insider,Zero-day,Firewall,32,33
1046,Brazil,8,2024,SQL Injection,Education,14.69,783795,Insider,Weak Passwords,AI-based Detection,43,107
1047,Germany,4,2017,DDoS,Healthcare,72.05,263506,Insider,Zero-day,Encryption,49,27
1048,Australia,6,2020,DDoS,Telecommunications,20.59,457184,Insider,Social Engineering,VPN,11,22
1049,India,2,2019,SQL Injection,Banking,68.44,186842,Nation-state,Zero-day,VPN,40,36
1050,UK,3,2018,DDoS,Banking,8.81,198929,Nation-state,Weak Passwords,AI-based Detection,41,34
1051,Japan,9,2018,SQL Injection,Retail,51.58,65700,Hacker Group,Zero-day,Encryption,28,102
1052,Brazil,8,2021,Phishing,Telecommunications,83.79,90156,Hacker Group,Unpatched Software,Antivirus,65,55
1053,Australia,6,2015,DDoS,Telecommunications,14.55,470471,Nation-state,Unpatched Software,VPN,53,7
1054,China,1,2021,Malware,Retail,20.52,33426,Unknown,Social Engineering,Antivirus,16,26
1055,Russia,7,2024,Malware,Education,83.29,143037,Insider,Unpatched Software,Firewall,47,70
1056,Germany,4,2022,Ransomware,Telecommunications,79.77,151930,Unknown,Zero-day,Encryption,4,88
1057,China,1,2018,Malware,Education,97.2,499651,Nation-state,Zero-day,Encryption,50,59
1058,Brazil,8,2017,DDoS,Education,41.63,249211,Insider,Zero-day,AI-based Detection,59,35
1059,Germany,4,2024,SQL Injection,IT,1.01,470074,Insider,Weak Passwords,Encryption,9,64
1060,Japan,9,2015,Phishing,Banking,87.5,429920,Nation-state,Zero-day,Encryption,37,15
1061,Australia,6,2019,SQL Injection,Healthcare,0.75,269314,Unknown,Social Engineering,VPN,64,96
1062,UK,3,2019,Man-in-the-Middle,Healthcare,37.16,696199,Nation-state,Weak Passwords,Encryption,42,113
1063,Russia,7,2020,Phishing,Banking,98.38,355505,Nation-state,Unpatched Software,AI-based Detection,35,85
1064,Australia,6,2023,DDoS,IT,55.94,890234,Nation-state,Unpatched Software,VPN,53,7
1065,Brazil,8,2019,Ransomware,Telecommunications,23.63,581616,Insider,Social Engineering,Encryption,1,109
1066,China,1,2021,SQL Injection,IT,39.44,155768,Nation-state,Social Engineering,AI-based Detection,19,28
1067,Australia,6,2024,Malware,Telecommunications,83.69,824298,Nation-state,Unpatched Software,Firewall,4,70
1068,UK,3,2018,Malware,Government,28.88,212533,Insider,Unpatched Software,Antivirus,71,42
1069,Brazil,8,2019,Ransomware,Banking,10.1,47737,Hacker Group,Social Engineering,Encryption,69,109
1070,Brazil,8,2018,Man-in-the-Middle,IT,47.01,940513,Unknown,Unpatched Software,Encryption,10,37
1071,Russia,7,2021,Man-in-the-Middle,Banking,18.66,292992,Insider,Zero-day,Encryption,15,103
1072,Germany,4,2024,Malware,Telecommunications,79.72,639779,Nation-state,Zero-day,Antivirus,6,86
1073,Australia,6,2019,DDoS,Banking,29.85,949862,Hacker Group,Weak Passwords,Firewall,25,97
1074,USA,10,2021,Phishing,Healthcare,0.92,260396,Hacker Group,Zero-day,Antivirus,16,31
1075,Australia,6,2024,Phishing,IT,92.48,215376,Nation-state,Social Engineering,Firewall,18,69
1076,France,5,2016,DDoS,Telecommunications,20.09,689397,Insider,Social Engineering,AI-based Detection,68,18
1077,Brazil,8,2016,SQL Injection,Education,16.24,238092,Nation-state,Zero-day,AI-based Detection,32,111
1078,India,2,2019,Phishing,Banking,18.42,289539,Nation-state,Unpatched Software,Antivirus,27,55
1079,Russia,7,2020,DDoS,Healthcare,49.02,382327,Insider,Zero-day,VPN,30,38
1080,Australia,6,2018,Phishing,Government,12.43,605810,Unknown,Zero-day,Firewall,41,48
1081,Australia,6,2019,DDoS,Banking,1.27,588345,Insider,Unpatched Software,Firewall,49,9
1082,UK,3,2019,Phishing,Government,21.58,831367,Insider,Social Engineering,Antivirus,55,105
1083,Brazil,8,2019,Man-in-the-Middle,Banking,14.64,880671,Hacker Group,Social Engineering,Firewall,66,94
1084,France,5,2023,DDoS,Retail,92.32,418211,Insider,Unpatched Software,Encryption,39,82
1085,France,5,2022,Man-in-the-Middle,Retail,31.4,264380,Insider,Zero-day,VPN,37,84
1086,Brazil,8,2017,Phishing,Banking,9.25,437974,Hacker Group,Zero-day,Encryption,20,15
1087,India,2,2021,Phishing,IT,37.1,713949,Hacker Group,Unpatched Software,Antivirus,71,55
1088,USA,10,2022,SQL Injection,IT,8.5,523164,Hacker Group,Weak Passwords,AI-based Detection,30,107
1089,UK,3,2015,DDoS,Telecommunications,85.23,193852,Insider,Zero-day,VPN,54,38
1090,UK,3,2024,DDoS,Retail,14.09,655640,Nation-state,Zero-day,Firewall,61,104
1091,France,5,2021,Phishing,IT,76.02,573328,Insider,Zero-day,AI-based Detection,10,23
1092,UK,3,2019,Malware,Government,46.27,798717,Hacker Group,Social Engineering,Encryption,10,76
1093,Brazil,8,2019,DDoS,Telecommunications,59.86,899413,Nation-state,Weak Passwords,Encryption,11,60
1094,France,5,2017,SQL Injection,Healthcare,18.75,436009,Nation-state,Social Engineering,AI-based Detection,44,28
1095,UK,3,2020,SQL Injection,Retail,56.3,142291,Nation-state,Weak Passwords,VPN,29,117
1096,Germany,4,2019,Man-in-the-Middle,Government,64.8,276197,Unknown,Zero-day,Firewall,2,33
1097,Russia,7,2020,Ransomware,IT,33.61,807918,Hacker Group,Social Engineering,Antivirus,37,83
1098,France,5,2021,Man-in-the-Middle,Telecommunications,90.99,483484,Hacker Group,Unpatched Software,VPN,2,77
1099,Russia,7,2015,Ransomware,IT,41.79,7290,Insider,Weak Passwords,AI-based Detection,32,100
1100,India,2,2022,DDoS,IT,38.69,333967,Insider,Zero-day,Firewall,26,104
1101,China,1,2020,Man-in-the-Middle,Education,84.4,840118,Hacker Group,Zero-day,Encryption,58,103
1102,USA,10,2024,Malware,Healthcare,69.46,187312,Nation-state,Zero-day,VPN,58,92
1103,Brazil,8,2024,DDoS,IT,34.46,470727,Unknown,Weak Passwords,Firewall,8,97
1104,India,2,2023,Malware,Education,95.97,629490,Hacker Group,Zero-day,VPN,38,92
1105,France,5,2021,SQL Injection,Government,98.76,904598,Hacker Group,Social Engineering,AI-based Detection,11,28
1106,USA,10,2017,Ransomware,Education,12.59,820632,Unknown,Social Engineering,AI-based Detection,65,4
1107,Japan,9,2019,DDoS,Retail,78.78,214152,Insider,Weak Passwords,Firewall,7,97
1108,Australia,6,2024,DDoS,Banking,21.11,18766,Insider,Weak Passwords,Firewall,43,97
1109,France,5,2020,Malware,Banking,50.19,760230,Nation-state,Zero-day,VPN,56,92
1110,India,2,2021,Ransomware,Healthcare,76.83,603402,Insider,Zero-day,AI-based Detection,57,115
1111,France,5,2020,Man-in-the-Middle,Healthcare,17.49,693907,Hacker Group,Zero-day,AI-based Detection,54,45
1112,Brazil,8,2017,SQL Injection,Banking,66.78,698892,Unknown,Zero-day,AI-based Detection,24,111
1113,UK,3,2015,Phishing,IT,24.17,64082,Unknown,Social Engineering,Antivirus,16,105
1114,USA,10,2022,Ransomware,IT,38.84,687052,Nation-state,Unpatched Software,Encryption,34,25
1115,Russia,7,2018,Phishing,Government,14.98,417488,Hacker Group,Weak Passwords,Encryption,23,95
1116,Germany,4,2020,Ransomware,Telecommunications,15.14,970038,Nation-state,Zero-day,Firewall,47,12
1117,Japan,9,2016,SQL Injection,Government,10.4,240441,Unknown,Zero-day,Antivirus,17,89
1118,India,2,2020,Man-in-the-Middle,Banking,59.67,747418,Insider,Unpatched Software,VPN,20,77
1119,Japan,9,2019,Malware,Retail,36.66,977185,Insider,Social Engineering,Antivirus,71,26
1120,India,2,2019,Malware,Retail,58.98,267401,Unknown,Zero-day,Firewall,20,50
1121,Germany,4,2022,Ransomware,Retail,19.47,496271,Hacker Group,Unpatched Software,AI-based Detection,20,87
1122,France,5,2015,Phishing,Banking,64.62,104619,Insider,Unpatched Software,Antivirus,68,55
1123,Russia,7,2024,Ransomware,Healthcare,98.25,877571,Insider,Weak Passwords,Antivirus,19,19
1124,Japan,9,2020,Ransomware,Healthcare,41.88,93314,Hacker Group,Unpatched Software,VPN,24,56
1125,Brazil,8,2020,DDoS,Government,13.22,790415,Hacker Group,Zero-day,Encryption,52,27
1126,Germany,4,2020,Ransomware,IT,54.65,107180,Nation-state,Zero-day,Antivirus,68,106
1127,Japan,9,2018,Phishing,IT,72.01,401960,Nation-state,Unpatched Software,VPN,44,1
1128,USA,10,2020,Ransomware,Telecommunications,93.89,602474,Unknown,Social Engineering,VPN,71,20
1129,Australia,6,2024,Phishing,Education,18.64,701144,Hacker Group,Unpatched Software,Antivirus,41,55
1130,UK,3,2024,Malware,Education,64.05,116714,Insider,Social Engineering,Encryption,37,76
1131,France,5,2016,Man-in-the-Middle,IT,41.79,453408,Nation-state,Social Engineering,VPN,8,5
1132,UK,3,2022,Phishing,Retail,13.37,40843,Unknown,Weak Passwords,Encryption,66,95
1133,Australia,6,2015,Man-in-the-Middle,Healthcare,1.62,336650,Hacker Group,Zero-day,VPN,35,84
1134,China,1,2017,Phishing,Healthcare,92.64,911233,Hacker Group,Weak Passwords,AI-based Detection,18,43
1135,Brazil,8,2023,Ransomware,Telecommunications,32.18,812908,Hacker Group,Weak Passwords,Antivirus,12,19
1136,China,1,2019,SQL Injection,Education,64.26,796878,Nation-state,Zero-day,Antivirus,26,89
1137,Japan,9,2023,Man-in-the-Middle,Government,81.57,738014,Unknown,Social Engineering,Antivirus,24,6
1138,USA,10,2021,DDoS,Education,87.32,315915,Nation-state,Social Engineering,Antivirus,52,112
1139,China,1,2022,Ransomware,Education,70.44,164734,Nation-state,Unpatched Software,Firewall,7,2
1140,India,2,2024,Man-in-the-Middle,IT,1.75,617939,Unknown,Zero-day,Firewall,22,33
1141,Germany,4,2021,Phishing,Healthcare,96.81,374164,Hacker Group,Weak Passwords,Antivirus,53,21
1142,USA,10,2020,Phishing,Banking,74.51,332766,Hacker Group,Weak Passwords,Antivirus,53,21
1143,Brazil,8,2018,Phishing,Healthcare,2.52,414899,Unknown,Weak Passwords,Encryption,37,95
1144,Brazil,8,2017,DDoS,Retail,81.63,140371,Hacker Group,Zero-day,Encryption,13,27
1145,Australia,6,2019,Ransomware,Education,43.53,729109,Insider,Weak Passwords,VPN,22,110
1146,UK,3,2020,DDoS,Education,84.28,776200,Unknown,Weak Passwords,Encryption,49,60
1147,Russia,7,2019,Phishing,Healthcare,17.6,839921,Unknown,Zero-day,Antivirus,5,31
1148,France,5,2019,Malware,Education,31.35,312314,Unknown,Social Engineering,AI-based Detection,35,61
1149,Australia,6,2024,Man-in-the-Middle,Healthcare,65.72,299613,Hacker Group,Zero-day,Firewall,20,33
1150,India,2,2016,Phishing,Banking,43.81,250482,Insider,Weak Passwords,VPN,20,32
1151,Brazil,8,2021,DDoS,Banking,84.41,230110,Unknown,Social Engineering,Antivirus,51,112
1152,Australia,6,2015,SQL Injection,Retail,55.78,852650,Nation-state,Social Engineering,AI-based Detection,50,28
1153,Germany,4,2024,DDoS,Telecommunications,67.47,337890,Unknown,Weak Passwords,Antivirus,35,39
1154,Japan,9,2016,Malware,Education,8.08,557108,Nation-state,Zero-day,Firewall,17,50
1155,Australia,6,2022,DDoS,Telecommunications,46.2,299968,Insider,Zero-day,Antivirus,46,79
1156,China,1,2022,Phishing,Telecommunications,72.06,459296,Nation-state,Weak Passwords,AI-based Detection,13,43
1157,India,2,2019,Ransomware,Telecommunications,90.48,46972,Nation-state,Social Engineering,VPN,23,20
1158,UK,3,2022,Malware,Healthcare,21.26,602041,Hacker Group,Unpatched Software,AI-based Detection,25,67
1159,Japan,9,2016,Phishing,Banking,82.93,36797,Insider,Unpatched Software,VPN,2,1
1160,China,1,2021,SQL Injection,Healthcare,23.15,730762,Insider,Social Engineering,VPN,19,96
1161,Russia,7,2016,Malware,Government,66.19,91194,Hacker Group,Unpatched Software,Encryption,72,93
1162,India,2,2015,SQL Injection,Banking,95.81,42883,Unknown,Zero-day,Encryption,37,102
1163,UK,3,2024,SQL Injection,Retail,48.33,422592,Nation-state,Unpatched Software,VPN,37,99
1164,India,2,2015,Man-in-the-Middle,Healthcare,29.54,837320,Unknown,Social Engineering,VPN,14,5
1165,USA,10,2020,Phishing,Banking,44.08,708034,Unknown,Zero-day,AI-based Detection,39,23
1166,Japan,9,2024,Phishing,IT,91.71,47841,Hacker Group,Weak Passwords,Antivirus,23,21
1167,Japan,9,2015,SQL Injection,Banking,73.94,274703,Nation-state,Social Engineering,Encryption,6,81
1168,Australia,6,2021,Malware,Healthcare,10.35,776819,Insider,Unpatched Software,VPN,64,24
1169,Germany,4,2019,Man-in-the-Middle,IT,89.6,544648,Unknown,Weak Passwords,Antivirus,47,52
1170,China,1,2024,Man-in-the-Middle,Government,11.99,735203,Insider,Zero-day,VPN,66,84
1171,India,2,2018,SQL Injection,Education,77.02,424342,Unknown,Social Engineering,Antivirus,57,8
1172,Russia,7,2018,Malware,Retail,78.82,155353,Unknown,Weak Passwords,VPN,67,114
1173,Germany,4,2020,DDoS,Banking,64.64,735855,Insider,Unpatched Software,Firewall,23,9
1174,France,5,2016,Man-in-the-Middle,IT,11.91,765453,Unknown,Social Engineering,Antivirus,39,6
1175,Japan,9,2024,SQL Injection,Education,82.52,788243,Insider,Social Engineering,VPN,38,96
1176,Germany,4,2017,Phishing,Banking,69.85,253058,Hacker Group,Social Engineering,Encryption,44,44
1177,Australia,6,2022,Phishing,Healthcare,80.11,537530,Nation-state,Zero-day,Encryption,14,15
1178,China,1,2023,SQL Injection,Banking,2.46,95779,Nation-state,Zero-day,VPN,43,36
1179,France,5,2024,Phishing,Healthcare,59.79,906160,Unknown,Zero-day,VPN,48,10
1180,Russia,7,2019,Ransomware,Education,11.06,490910,Insider,Zero-day,AI-based Detection,58,115
1181,UK,3,2020,SQL Injection,Banking,73.69,522097,Hacker Group,Weak Passwords,VPN,63,117
1182,Germany,4,2016,Man-in-the-Middle,Retail,53.57,218143,Nation-state,Unpatched Software,Encryption,27,37
1183,Germany,4,2018,Malware,IT,30.2,667023,Unknown,Zero-day,Antivirus,26,86
1184,Australia,6,2023,Malware,Education,67.23,362308,Unknown,Social Engineering,AI-based Detection,5,61
1185,Russia,7,2023,DDoS,IT,86.81,717258,Insider,Unpatched Software,Firewall,16,9
1186,Brazil,8,2018,Man-in-the-Middle,Retail,76.39,984,Insider,Unpatched Software,Firewall,56,78
1187,Russia,7,2023,DDoS,Telecommunications,96.61,956064,Insider,Weak Passwords,Antivirus,45,39
1188,Australia,6,2024,Malware,Retail,64.3,891367,Nation-state,Social Engineering,Firewall,21,17
1189,China,1,2019,Man-in-the-Middle,IT,79.33,842637,Nation-state,Unpatched Software,AI-based Detection,55,16
1190,USA,10,2015,DDoS,IT,45.91,772018,Hacker Group,Weak Passwords,Encryption,46,60
1191,Australia,6,2022,Malware,IT,41.67,945897,Insider,Weak Passwords,Firewall,66,98
1192,Germany,4,2018,SQL Injection,Banking,81.33,508544,Insider,Unpatched Software,VPN,45,99
1193,Australia,6,2021,Ransomware,Healthcare,91.8,125309,Unknown,Social Engineering,Antivirus,13,83
1194,UK,3,2024,Man-in-the-Middle,IT,3.69,529410,Insider,Zero-day,Firewall,59,33
1195,Australia,6,2018,Phishing,Education,24.25,665381,Insider,Unpatched Software,AI-based Detection,61,85
1196,Japan,9,2019,Man-in-the-Middle,Telecommunications,89.5,163110,Nation-state,Zero-day,Encryption,35,103
1197,Russia,7,2019,Ransomware,IT,60.24,354784,Hacker Group,Social Engineering,AI-based Detection,65,4
1198,Germany,4,2022,Ransomware,Education,7.65,643306,Hacker Group,Zero-day,Encryption,50,88
1199,Australia,6,2016,Malware,Telecommunications,44.93,23249,Insider,Social Engineering,Firewall,1,17
1200,USA,10,2015,SQL Injection,Retail,26.98,763017,Insider,Social Engineering,Firewall,24,58
1201,Russia,7,2015,Ransomware,Retail,84.08,71334,Unknown,Unpatched Software,AI-based Detection,26,87
1202,Australia,6,2019,SQL Injection,Government,99.2,605470,Nation-state,Unpatched Software,Encryption,18,30
1203,India,2,2023,SQL Injection,Government,40.63,356387,Nation-state,Zero-day,Antivirus,11,89
1204,China,1,2023,Malware,IT,11.89,260907,Insider,Weak Passwords,AI-based Detection,31,40
1205,Japan,9,2019,Man-in-the-Middle,IT,73.71,560693,Hacker Group,Weak Passwords,Firewall,1,116
1206,Brazil,8,2015,Phishing,IT,16.44,82841,Insider,Social Engineering,Encryption,36,44
1207,Russia,7,2021,Malware,Government,51.05,262500,Nation-state,Social Engineering,AI-based Detection,27,61
1208,UK,3,2023,Malware,IT,49.13,116201,Nation-state,Zero-day,Firewall,14,50
1209,China,1,2016,Phishing,IT,17.06,44473,Unknown,Weak Passwords,VPN,67,32
1210,France,5,2017,Ransomware,IT,93.15,372975,Hacker Group,Weak Passwords,Firewall,64,68
1211,France,5,2018,DDoS,Government,66.4,613192,Insider,Weak Passwords,VPN,50,90
1212,India,2,2017,SQL Injection,Government,20.21,421023,Insider,Unpatched Software,Encryption,72,30
1213,India,2,2015,Ransomware,Healthcare,1.48,818172,Unknown,Social Engineering,VPN,30,20
1214,Russia,7,2018,Ransomware,Education,22.77,828880,Hacker Group,Unpatched Software,Antivirus,69,71
1215,Germany,4,2017,Man-in-the-Middle,Government,56.15,487668,Hacker Group,Unpatched Software,AI-based Detection,72,16
1216,France,5,2020,Ransomware,Telecommunications,10.52,253094,Hacker Group,Unpatched Software,VPN,19,56
1217,China,1,2015,SQL Injection,Telecommunications,34.84,712886,Hacker Group,Weak Passwords,Antivirus,7,72
1218,China,1,2019,Phishing,IT,5.05,65176,Unknown,Weak Passwords,Encryption,49,95
1219,Germany,4,2020,SQL Injection,IT,54.59,248356,Nation-state,Weak Passwords,AI-based Detection,25,107
1220,China,1,2020,DDoS,Education,52.36,499615,Hacker Group,Unpatched Software,Antivirus,19,63
1221,Russia,7,2016,Man-in-the-Middle,Telecommunications,10.2,446917,Unknown,Unpatched Software,Firewall,1,78
1222,USA,10,2023,SQL Injection,Education,77.96,164892,Insider,Weak Passwords,Firewall,63,118
1223,UK,3,2022,SQL Injection,IT,61.97,627852,Nation-state,Unpatched Software,VPN,23,99
1224,UK,3,2016,DDoS,Banking,61.15,219846,Insider,Social Engineering,AI-based Detection,13,18
1225,Australia,6,2024,Malware,Education,83.04,862049,Insider,Unpatched Software,Antivirus,43,42
1226,USA,10,2015,Man-in-the-Middle,Education,37.18,270984,Nation-state,Zero-day,Encryption,28,103
1227,India,2,2022,Malware,Government,27.09,979810,Insider,Weak Passwords,VPN,34,114
1228,Germany,4,2015,SQL Injection,Government,0.72,944106,Insider,Unpatched Software,VPN,2,99
1229,Russia,7,2023,Phishing,Banking,9.24,612761,Nation-state,Unpatched Software,Encryption,71,57
1230,Australia,6,2018,Malware,Telecommunications,8.69,813960,Hacker Group,Weak Passwords,VPN,6,114
1231,Germany,4,2021,DDoS,Healthcare,32.07,510895,Unknown,Weak Passwords,Antivirus,6,39
1232,India,2,2023,Malware,Healthcare,71.94,652957,Insider,Weak Passwords,Encryption,65,51
1233,Japan,9,2022,Ransomware,IT,84.09,991854,Unknown,Unpatched Software,VPN,11,56
1234,India,2,2018,Ransomware,Retail,56.06,382041,Unknown,Weak Passwords,Encryption,4,120
1235,USA,10,2015,Man-in-the-Middle,Government,47.76,428556,Unknown,Weak Passwords,Antivirus,15,52
1236,UK,3,2019,SQL Injection,Banking,79.34,455556,Insider,Social Engineering,Firewall,1,58
1237,Australia,6,2022,Ransomware,Healthcare,17.58,18399,Unknown,Zero-day,Firewall,14,12
1238,Germany,4,2016,Man-in-the-Middle,Government,97.79,984519,Nation-state,Unpatched Software,Firewall,57,78
1239,Brazil,8,2021,DDoS,Retail,75.1,740795,Hacker Group,Unpatched Software,Firewall,12,9
1240,UK,3,2019,SQL Injection,Telecommunications,39.58,483585,Unknown,Unpatched Software,Encryption,13,30
1241,Brazil,8,2021,Ransomware,Healthcare,78.08,989151,Unknown,Social Engineering,AI-based Detection,2,4
1242,Germany,4,2016,SQL Injection,Government,63.89,946613,Insider,Social Engineering,AI-based Detection,21,28
1243,Australia,6,2021,Ransomware,Banking,24.33,77845,Insider,Social Engineering,AI-based Detection,26,4
1244,India,2,2020,Ransomware,IT,70.91,403494,Hacker Group,Social Engineering,Firewall,3,54
1245,Germany,4,2018,Man-in-the-Middle,Banking,23.32,524693,Unknown,Unpatched Software,VPN,63,77
1246,UK,3,2016,Phishing,Education,9.84,628589,Unknown,Unpatched Software,Encryption,8,57
1247,Australia,6,2018,Man-in-the-Middle,Healthcare,34.29,943349,Nation-state,Zero-day,Antivirus,5,80
1248,Brazil,8,2018,DDoS,Retail,1.58,100633,Insider,Zero-day,Encryption,53,27
1249,France,5,2017,Phishing,Government,59.64,551515,Unknown,Zero-day,AI-based Detection,37,23
1250,Germany,4,2023,Man-in-the-Middle,Banking,80.97,289046,Nation-state,Zero-day,Encryption,41,103
1251,Australia,6,2021,Malware,Retail,22.48,70067,Insider,Weak Passwords,VPN,22,114
1252,France,5,2022,Phishing,Banking,69.99,366596,Insider,Weak Passwords,AI-based Detection,65,43
1253,Japan,9,2021,SQL Injection,IT,51.24,452476,Nation-state,Zero-day,VPN,41,36
1254,Japan,9,2020,SQL Injection,Banking,70.14,575065,Insider,Weak Passwords,Encryption,61,64
1255,Japan,9,2024,Man-in-the-Middle,Education,68.35,474131,Insider,Unpatched Software,Firewall,41,78
1256,USA,10,2016,Phishing,Education,86.3,702702,Hacker Group,Zero-day,Encryption,14,15
1257,Australia,6,2023,DDoS,Government,97.18,692900,Unknown,Social Engineering,Encryption,72,14
1258,Brazil,8,2021,SQL Injection,IT,92.4,654303,Hacker Group,Unpatched Software,AI-based Detection,15,11
1259,Russia,7,2022,Ransomware,Banking,50.11,851222,Insider,Weak Passwords,Encryption,16,120
1260,Australia,6,2016,Man-in-the-Middle,Government,35.59,729762,Insider,Social Engineering,VPN,6,5
1261,USA,10,2022,DDoS,Healthcare,56.89,388698,Nation-state,Social Engineering,VPN,35,22
1262,Australia,6,2019,SQL Injection,Telecommunications,86.79,293647,Nation-state,Social Engineering,AI-based Detection,37,28
1263,China,1,2021,Phishing,Government,84.49,884734,Hacker Group,Weak Passwords,Encryption,6,95
1264,UK,3,2023,DDoS,IT,52.75,638329,Hacker Group,Social Engineering,Firewall,11,49
1265,India,2,2019,DDoS,Government,63.63,47191,Insider,Unpatched Software,VPN,28,7
1266,Brazil,8,2023,Phishing,Retail,42.69,309021,Unknown,Unpatched Software,Encryption,2,57
1267,Germany,4,2018,DDoS,Telecommunications,15.14,834902,Nation-state,Weak Passwords,Firewall,63,97
1268,France,5,2016,DDoS,Banking,25.81,132286,Insider,Unpatched Software,Antivirus,66,63
1269,France,5,2023,SQL Injection,Banking,46.58,659062,Unknown,Unpatched Software,Antivirus,42,41
1270,France,5,2020,Malware,Telecommunications,93.88,69492,Hacker Group,Social Engineering,Encryption,29,76
1271,Russia,7,2017,Phishing,IT,53.07,388154,Nation-state,Zero-day,AI-based Detection,29,23
1272,Brazil,8,2024,DDoS,Government,24.23,889448,Hacker Group,Zero-day,VPN,20,38
1273,UK,3,2022,Phishing,Retail,49.08,445458,Hacker Group,Unpatched Software,Antivirus,36,55
1274,UK,3,2019,Phishing,Banking,84.5,828382,Hacker Group,Weak Passwords,AI-based Detection,4,43
1275,Russia,7,2024,SQL Injection,Education,99.31,362492,Insider,Weak Passwords,AI-based Detection,63,107
1276,Japan,9,2021,Man-in-the-Middle,Healthcare,55.4,68886,Hacker Group,Weak Passwords,AI-based Detection,41,108
1277,Japan,9,2017,DDoS,Education,7.84,165722,Unknown,Unpatched Software,Encryption,23,82
1278,India,2,2020,SQL Injection,Government,99.72,604113,Insider,Weak Passwords,Encryption,7,64
1279,France,5,2019,Man-in-the-Middle,Healthcare,39.48,450466,Unknown,Unpatched Software,VPN,52,77
1280,Australia,6,2019,Phishing,Banking,1.13,507976,Hacker Group,Zero-day,AI-based Detection,70,23
1281,India,2,2018,DDoS,Banking,43.45,180980,Hacker Group,Unpatched Software,AI-based Detection,15,13
1282,France,5,2020,Ransomware,Healthcare,37.36,745273,Insider,Zero-day,Firewall,67,12
1283,Germany,4,2023,SQL Injection,Telecommunications,94.14,536737,Unknown,Unpatched Software,Encryption,44,30
1284,Germany,4,2020,SQL Injection,Banking,65.24,202102,Insider,Unpatched Software,Antivirus,54,41
1285,Brazil,8,2021,DDoS,Education,80.79,134998,Unknown,Zero-day,AI-based Detection,42,35
1286,India,2,2015,Ransomware,Banking,81.81,41635,Nation-state,Unpatched Software,Encryption,37,25
1287,Japan,9,2022,Phishing,Telecommunications,35.54,604908,Unknown,Zero-day,Antivirus,25,31
1288,France,5,2020,Man-in-the-Middle,IT,88.42,688016,Nation-state,Zero-day,Antivirus,26,80
1289,Brazil,8,2020,Ransomware,IT,56.59,679131,Hacker Group,Weak Passwords,AI-based Detection,55,100
1290,India,2,2015,DDoS,Retail,39.28,585934,Insider,Unpatched Software,Antivirus,13,63
1291,USA,10,2023,Man-in-the-Middle,IT,88.81,762605,Nation-state,Unpatched Software,Encryption,53,37
1292,UK,3,2021,Malware,Healthcare,58.9,984973,Unknown,Zero-day,Encryption,30,59
1293,Russia,7,2020,Phishing,Education,9.52,889970,Nation-state,Unpatched Software,VPN,20,1
1294,USA,10,2020,Phishing,Healthcare,39.92,376443,Insider,Zero-day,Antivirus,20,31
1295,UK,3,2023,Phishing,Retail,28.54,699386,Nation-state,Weak Passwords,Encryption,20,95
1296,Russia,7,2020,Man-in-the-Middle,Retail,74.11,158758,Nation-state,Zero-day,Antivirus,72,80
1297,China,1,2021,Man-in-the-Middle,Banking,85.26,812101,Insider,Social Engineering,VPN,52,5
1298,UK,3,2020,Phishing,Telecommunications,43.72,402744,Insider,Zero-day,AI-based Detection,65,23
1299,Japan,9,2015,Malware,Healthcare,77.01,182338,Unknown,Social Engineering,Firewall,72,17
1300,Germany,4,2017,Man-in-the-Middle,Banking,88.03,587213,Unknown,Weak Passwords,AI-based Detection,32,108
1301,France,5,2024,DDoS,Government,86.65,419571,Nation-state,Zero-day,AI-based Detection,72,35
1302,Germany,4,2017,SQL Injection,IT,33.79,772541,Nation-state,Unpatched Software,Antivirus,46,41
1303,Germany,4,2020,SQL Injection,Retail,76.04,759384,Nation-state,Unpatched Software,AI-based Detection,22,11
1304,China,1,2015,Ransomware,Government,57.59,887037,Insider,Unpatched Software,VPN,39,56
1305,China,1,2016,Ransomware,IT,37.22,788555,Insider,Unpatched Software,Encryption,43,25
1306,India,2,2020,Man-in-the-Middle,Telecommunications,57.89,438137,Unknown,Unpatched Software,VPN,18,77
1307,Australia,6,2024,Ransomware,Government,3.37,414907,Hacker Group,Zero-day,Firewall,42,12
1308,Australia,6,2021,Ransomware,Telecommunications,88.2,576302,Hacker Group,Zero-day,AI-based Detection,2,115
1309,USA,10,2020,DDoS,IT,96.08,156275,Insider,Social Engineering,Encryption,24,14
1310,Japan,9,2024,DDoS,Government,84.36,234154,Nation-state,Unpatched Software,VPN,42,7
1311,Brazil,8,2022,Phishing,IT,92.58,176386,Hacker Group,Unpatched Software,VPN,63,1
1312,Japan,9,2015,Malware,Healthcare,27.92,775042,Unknown,Zero-day,Encryption,12,59
1313,Germany,4,2016,Phishing,Telecommunications,46.28,992092,Hacker Group,Unpatched Software,Encryption,3,57
1314,France,5,2016,Ransomware,Education,25.55,883536,Hacker Group,Unpatched Software,AI-based Detection,66,87
1315,France,5,2017,Phishing,Banking,15.14,276541,Hacker Group,Social Engineering,AI-based Detection,16,101
1316,India,2,2024,Phishing,Telecommunications,50.64,513620,Unknown,Unpatched Software,Antivirus,65,55
1317,Germany,4,2022,Phishing,Banking,31.73,397919,Nation-state,Social Engineering,Encryption,22,44
1318,Russia,7,2021,Phishing,Telecommunications,73.93,32743,Hacker Group,Zero-day,VPN,18,10
1319,Germany,4,2020,Phishing,Government,40.62,318648,Insider,Zero-day,Encryption,1,15
1320,USA,10,2022,Ransomware,Education,14.5,353297,Insider,Weak Passwords,VPN,58,110
1321,Russia,7,2017,Malware,IT,20.85,484009,Insider,Weak Passwords,Firewall,41,98
1322,Russia,7,2024,Malware,Government,49.51,872411,Hacker Group,Zero-day,Firewall,5,50
1323,Germany,4,2023,Man-in-the-Middle,Education,26.14,876348,Unknown,Social Engineering,Encryption,1,73
1324,China,1,2021,SQL Injection,Government,13.76,11310,Hacker Group,Weak Passwords,Antivirus,71,72
1325,UK,3,2018,SQL Injection,Retail,72.21,597358,Nation-state,Zero-day,VPN,30,36
1326,India,2,2022,SQL Injection,Healthcare,91.91,180456,Unknown,Unpatched Software,VPN,8,99
1327,Russia,7,2021,DDoS,Retail,79.06,368255,Nation-state,Social Engineering,Encryption,17,14
1328,India,2,2022,Malware,Education,7.17,268414,Insider,Unpatched Software,Encryption,9,93
1329,China,1,2019,SQL Injection,Healthcare,79.28,891504,Insider,Zero-day,Firewall,63,119
1330,Japan,9,2023,Phishing,Healthcare,48.25,3395,Nation-state,Weak Passwords,Antivirus,58,21
1331,China,1,2023,Ransomware,Education,45.88,164890,Unknown,Weak Passwords,AI-based Detection,20,100
1332,India,2,2020,SQL Injection,Banking,89.8,895388,Insider,Social Engineering,AI-based Detection,54,28
1333,India,2,2020,SQL Injection,Telecommunications,17.47,436517,Nation-state,Weak Passwords,Antivirus,61,72
1334,India,2,2018,Phishing,IT,70.85,677164,Nation-state,Weak Passwords,Firewall,7,75
1335,Russia,7,2024,Man-in-the-Middle,Banking,93.13,414192,Nation-state,Weak Passwords,Firewall,34,116
1336,Russia,7,2021,Man-in-the-Middle,Retail,39.73,80069,Insider,Unpatched Software,VPN,8,77
1337,UK,3,2016,Phishing,IT,1.28,604185,Unknown,Zero-day,Firewall,57,48
1338,Brazil,8,2021,SQL Injection,IT,83.99,807733,Unknown,Weak Passwords,Encryption,18,64
1339,France,5,2019,SQL Injection,Telecommunications,16.51,945154,Nation-state,Social Engineering,AI-based Detection,63,28
1340,Germany,4,2023,Malware,Retail,62.43,918454,Unknown,Unpatched Software,Firewall,15,70
1341,Australia,6,2017,Phishing,Retail,56.1,450205,Unknown,Zero-day,Firewall,32,48
1342,Japan,9,2016,Malware,Telecommunications,87.52,476001,Hacker Group,Social Engineering,VPN,58,74
1343,Russia,7,2018,Phishing,IT,65.88,503520,Hacker Group,Zero-day,Encryption,48,15
1344,USA,10,2024,SQL Injection,Retail,86.29,457411,Nation-state,Zero-day,VPN,34,36
1345,China,1,2018,Malware,Education,62.82,580609,Unknown,Weak Passwords,AI-based Detection,29,40
1346,UK,3,2022,Phishing,Banking,18.45,848022,Hacker Group,Social Engineering,Antivirus,10,105
1347,Brazil,8,2022,Phishing,Education,75.42,761590,Unknown,Unpatched Software,AI-based Detection,45,85
1348,Brazil,8,2022,DDoS,Education,17.68,366968,Nation-state,Social Engineering,VPN,47,22
1349,Brazil,8,2021,Man-in-the-Middle,Education,27.95,625370,Insider,Social Engineering,Firewall,24,94
1350,UK,3,2018,Ransomware,Healthcare,60.01,193378,Unknown,Unpatched Software,Encryption,32,25
1351,Brazil,8,2024,DDoS,Healthcare,92.34,375691,Insider,Zero-day,Encryption,21,27
1352,Australia,6,2017,SQL Injection,Banking,7.21,526324,Insider,Unpatched Software,VPN,39,99
1353,France,5,2020,Malware,Healthcare,76.42,50468,Hacker Group,Social Engineering,AI-based Detection,64,61
1354,India,2,2020,Phishing,IT,3.2,922656,Insider,Zero-day,AI-based Detection,17,23
1355,India,2,2018,Ransomware,Retail,62.59,498457,Insider,Weak Passwords,VPN,12,110
1356,Brazil,8,2023,SQL Injection,Education,89.04,351850,Hacker Group,Social Engineering,Encryption,21,81
1357,USA,10,2015,DDoS,Retail,76.95,391982,Unknown,Social Engineering,Firewall,46,49
1358,Australia,6,2021,Malware,Telecommunications,51.66,247243,Nation-state,Zero-day,Antivirus,69,86
1359,Japan,9,2020,Phishing,Banking,39.33,257190,Insider,Unpatched Software,Encryption,14,57
1360,Australia,6,2015,SQL Injection,Retail,89.77,804658,Nation-state,Unpatched Software,AI-based Detection,23,11
1361,Russia,7,2024,Man-in-the-Middle,Education,75.95,758032,Insider,Social Engineering,Antivirus,30,6
1362,France,5,2017,DDoS,Telecommunications,13.31,381948,Unknown,Weak Passwords,AI-based Detection,46,34
1363,Australia,6,2018,DDoS,Retail,40,152435,Unknown,Weak Passwords,Firewall,26,97
1364,Brazil,8,2020,Ransomware,Banking,99.9,429566,Nation-state,Zero-day,AI-based Detection,54,115
1365,Germany,4,2022,Ransomware,Healthcare,61.99,496292,Nation-state,Zero-day,AI-based Detection,21,115
1366,Germany,4,2023,Man-in-the-Middle,Healthcare,75.8,943724,Insider,Unpatched Software,AI-based Detection,58,16
1367,Japan,9,2022,Man-in-the-Middle,Government,39.87,243600,Unknown,Weak Passwords,AI-based Detection,40,108
1368,USA,10,2017,Phishing,IT,48.96,480386,Nation-state,Zero-day,Antivirus,18,31
1369,India,2,2020,Ransomware,Healthcare,70.67,564046,Insider,Social Engineering,Firewall,39,54
1370,Japan,9,2022,Malware,Retail,26.7,50007,Nation-state,Weak Passwords,Antivirus,19,46
1371,Australia,6,2023,Malware,Retail,99.72,307143,Hacker Group,Social Engineering,VPN,1,74
1372,Russia,7,2023,DDoS,IT,22.71,356964,Insider,Unpatched Software,Firewall,27,9
1373,USA,10,2024,SQL Injection,Retail,94.83,891369,Hacker Group,Social Engineering,Antivirus,71,8
1374,Japan,9,2020,DDoS,Retail,37.81,482700,Insider,Unpatched Software,VPN,55,7
1375,China,1,2018,Phishing,Healthcare,42.93,596628,Hacker Group,Unpatched Software,Antivirus,60,55
1376,Russia,7,2022,Ransomware,Telecommunications,89.33,776295,Unknown,Zero-day,VPN,40,91
1377,USA,10,2016,Phishing,Banking,38.58,447486,Insider,Weak Passwords,Encryption,7,95
1378,USA,10,2022,Man-in-the-Middle,Retail,75.51,298887,Nation-state,Zero-day,VPN,44,84
1379,India,2,2015,Ransomware,Government,56.3,59582,Nation-state,Unpatched Software,VPN,56,56
1380,Brazil,8,2024,Ransomware,Healthcare,6.67,553944,Hacker Group,Social Engineering,Encryption,64,109
1381,Russia,7,2024,Ransomware,Banking,80.29,507258,Nation-state,Social Engineering,Antivirus,30,83
1382,Russia,7,2024,DDoS,Government,94.6,82500,Hacker Group,Zero-day,AI-based Detection,28,35
1383,Germany,4,2021,SQL Injection,Retail,27.54,383781,Nation-state,Zero-day,Antivirus,57,89
1384,Australia,6,2020,Ransomware,Banking,97.48,647303,Insider,Zero-day,Antivirus,37,106
1385,USA,10,2016,Phishing,IT,68.23,877998,Nation-state,Weak Passwords,Antivirus,23,21
1386,India,2,2015,SQL Injection,Government,56.84,631420,Nation-state,Unpatched Software,Firewall,68,65
1387,France,5,2023,Ransomware,Telecommunications,84.79,263566,Hacker Group,Zero-day,AI-based Detection,64,115
1388,UK,3,2021,Ransomware,Banking,4.22,65148,Nation-state,Weak Passwords,VPN,15,110
1389,Russia,7,2020,Ransomware,Telecommunications,58.73,345623,Unknown,Weak Passwords,AI-based Detection,67,100
1390,China,1,2015,Ransomware,IT,60.43,962452,Nation-state,Unpatched Software,Encryption,34,25
1391,Germany,4,2024,Phishing,IT,2.85,951767,Nation-state,Weak Passwords,AI-based Detection,10,43
1392,UK,3,2016,SQL Injection,Education,43.55,712306,Hacker Group,Social Engineering,Firewall,29,58
1393,UK,3,2016,Ransomware,Telecommunications,11.83,365116,Hacker Group,Social Engineering,Encryption,66,109
1394,USA,10,2021,Man-in-the-Middle,Banking,64.96,485702,Unknown,Unpatched Software,Firewall,51,78
1395,USA,10,2023,SQL Injection,IT,19.37,49480,Hacker Group,Social Engineering,Encryption,17,81
1396,Australia,6,2019,Phishing,Education,46.64,971148,Insider,Unpatched Software,Firewall,44,53
1397,USA,10,2018,DDoS,Banking,31.54,513005,Unknown,Social Engineering,VPN,62,22
1398,Germany,4,2019,Malware,Retail,6.47,360381,Unknown,Zero-day,VPN,62,92
1399,Brazil,8,2021,DDoS,Banking,96.23,649383,Unknown,Weak Passwords,Encryption,59,60
1400,Germany,4,2022,SQL Injection,Banking,89.74,155736,Nation-state,Social Engineering,Encryption,63,81
1401,USA,10,2023,Malware,Healthcare,54.29,443715,Unknown,Social Engineering,Antivirus,54,26
1402,Australia,6,2022,DDoS,Telecommunications,4.81,683733,Nation-state,Zero-day,VPN,65,38
1403,Brazil,8,2019,DDoS,Healthcare,42.16,400214,Unknown,Zero-day,Firewall,58,104
1404,Brazil,8,2024,Ransomware,IT,74.06,813472,Hacker Group,Zero-day,VPN,17,91
1405,France,5,2021,Ransomware,Banking,27.1,199832,Nation-state,Weak Passwords,Antivirus,54,19
1406,India,2,2017,Malware,IT,22.04,210495,Insider,Weak Passwords,Firewall,18,98
1407,China,1,2023,Man-in-the-Middle,Education,49.53,923445,Hacker Group,Unpatched Software,VPN,42,77
1408,Japan,9,2019,Man-in-the-Middle,Education,1.72,407485,Insider,Unpatched Software,AI-based Detection,22,16
1409,Russia,7,2020,Man-in-the-Middle,Government,97.39,517452,Unknown,Zero-day,Firewall,9,33
1410,Germany,4,2017,Ransomware,Retail,68.73,509742,Nation-state,Zero-day,Antivirus,43,106
1411,USA,10,2019,Malware,Healthcare,57.85,412236,Nation-state,Weak Passwords,Antivirus,36,46
1412,Germany,4,2017,Malware,Healthcare,6.58,592988,Hacker Group,Unpatched Software,VPN,43,24
1413,USA,10,2019,Ransomware,Banking,47.25,451510,Hacker Group,Zero-day,VPN,45,91
1414,India,2,2021,Ransomware,Education,20.26,144065,Insider,Unpatched Software,Firewall,62,2
1415,India,2,2024,DDoS,Telecommunications,85.02,700440,Hacker Group,Weak Passwords,VPN,23,90
1416,France,5,2024,Phishing,IT,64.54,255689,Unknown,Zero-day,Antivirus,54,31
1417,Japan,9,2017,Malware,Retail,74.01,750473,Unknown,Zero-day,Antivirus,41,86
1418,UK,3,2015,Malware,Government,68.8,284512,Nation-state,Social Engineering,Antivirus,23,26
1419,Japan,9,2021,Malware,Education,76.8,607544,Nation-state,Weak Passwords,Encryption,56,51
1420,UK,3,2016,Ransomware,Banking,92.39,61764,Hacker Group,Social Engineering,Encryption,38,109
1421,USA,10,2023,DDoS,Telecommunications,11.73,489053,Nation-state,Zero-day,Antivirus,29,79
1422,China,1,2020,SQL Injection,Telecommunications,29.31,8884,Nation-state,Weak Passwords,Firewall,23,118
1423,Germany,4,2017,Ransomware,Retail,91.67,80135,Hacker Group,Social Engineering,AI-based Detection,35,4
1424,USA,10,2022,Phishing,Retail,47.66,20064,Insider,Social Engineering,Encryption,61,44
1425,India,2,2022,SQL Injection,Telecommunications,95.74,849940,Insider,Weak Passwords,AI-based Detection,61,107
1426,Japan,9,2021,Ransomware,Government,79.25,437649,Hacker Group,Weak Passwords,Firewall,10,68
1427,Australia,6,2020,SQL Injection,Telecommunications,43.69,269137,Unknown,Unpatched Software,AI-based Detection,18,11
1428,UK,3,2018,Malware,Telecommunications,23.27,233460,Insider,Unpatched Software,Antivirus,11,42
1429,UK,3,2015,SQL Injection,Banking,6.96,474585,Nation-state,Unpatched Software,Firewall,34,65
1430,Russia,7,2024,SQL Injection,Government,41.65,674211,Hacker Group,Weak Passwords,Firewall,54,118
1431,Brazil,8,2020,Phishing,Healthcare,18.79,267178,Nation-state,Social Engineering,Firewall,56,69
1432,Russia,7,2022,DDoS,Healthcare,58.93,104121,Hacker Group,Zero-day,Firewall,15,104
1433,UK,3,2020,Ransomware,IT,83.29,217598,Hacker Group,Unpatched Software,Encryption,24,25
1434,China,1,2024,Ransomware,Government,65.96,44082,Nation-state,Social Engineering,VPN,48,20
1435,India,2,2018,Phishing,Banking,71.58,31733,Hacker Group,Unpatched Software,Encryption,49,57
1436,Australia,6,2022,Man-in-the-Middle,Banking,34.16,346224,Nation-state,Zero-day,Encryption,64,103
1437,Australia,6,2015,DDoS,IT,61.01,419127,Unknown,Social Engineering,Firewall,26,49
1438,USA,10,2024,Man-in-the-Middle,Education,53.59,810539,Unknown,Weak Passwords,Antivirus,22,52
1439,USA,10,2020,DDoS,Retail,11.79,692784,Hacker Group,Unpatched Software,Firewall,2,9
1440,USA,10,2020,SQL Injection,Retail,16.98,315050,Unknown,Unpatched Software,Encryption,8,30
1441,India,2,2016,SQL Injection,IT,29.24,786464,Unknown,Weak Passwords,Encryption,38,64
1442,UK,3,2023,Man-in-the-Middle,IT,20.35,140061,Hacker Group,Weak Passwords,AI-based Detection,42,108
1443,Brazil,8,2021,SQL Injection,IT,34.32,673923,Hacker Group,Unpatched Software,Encryption,3,30
1444,Japan,9,2017,SQL Injection,Government,35.88,221051,Insider,Zero-day,Encryption,18,102
1445,Russia,7,2017,SQL Injection,Banking,33.84,442940,Nation-state,Unpatched Software,AI-based Detection,7,11
1446,Russia,7,2024,SQL Injection,Telecommunications,17.21,677688,Nation-state,Zero-day,Encryption,31,102
1447,Russia,7,2017,Ransomware,Education,95.08,679860,Unknown,Social Engineering,Encryption,66,109
1448,Germany,4,2016,Phishing,Retail,27.85,963983,Unknown,Zero-day,Encryption,45,15
1449,UK,3,2020,DDoS,Retail,18.52,125100,Unknown,Weak Passwords,VPN,61,90
1450,China,1,2016,DDoS,Education,81.31,815317,Hacker Group,Social Engineering,Antivirus,72,112
1451,China,1,2020,Man-in-the-Middle,Retail,34.82,500252,Nation-state,Zero-day,Antivirus,29,80
1452,India,2,2018,DDoS,Education,55.3,512953,Unknown,Weak Passwords,Firewall,57,97
1453,India,2,2023,Phishing,IT,88.71,337377,Hacker Group,Social Engineering,AI-based Detection,23,101
1454,India,2,2024,DDoS,Retail,0.6,766733,Insider,Zero-day,AI-based Detection,55,35
1455,USA,10,2023,Malware,Retail,50.02,578310,Nation-state,Weak Passwords,Antivirus,15,46
1456,France,5,2022,Man-in-the-Middle,Telecommunications,12.96,255574,Insider,Social Engineering,Firewall,69,94
1457,China,1,2023,Phishing,IT,43.58,169152,Nation-state,Unpatched Software,Encryption,49,57
1458,USA,10,2020,Man-in-the-Middle,IT,33.22,216472,Unknown,Zero-day,Encryption,55,103
1459,Japan,9,2020,Phishing,Retail,38.96,370096,Nation-state,Weak Passwords,Encryption,23,95
1460,India,2,2020,Phishing,Telecommunications,30.14,742555,Insider,Zero-day,Firewall,57,48
1461,Russia,7,2020,Man-in-the-Middle,IT,21.72,870019,Insider,Social Engineering,AI-based Detection,5,62
1462,Australia,6,2022,Malware,IT,93.2,941679,Hacker Group,Social Engineering,Antivirus,43,26
1463,France,5,2024,DDoS,Retail,88.17,738419,Unknown,Zero-day,Firewall,11,104
1464,Brazil,8,2018,Phishing,Retail,42.46,4136,Nation-state,Zero-day,Encryption,23,15
1465,India,2,2022,SQL Injection,Education,61.41,995847,Nation-state,Social Engineering,Encryption,1,81
1466,Japan,9,2022,Ransomware,Education,51.51,536995,Hacker Group,Weak Passwords,Encryption,3,120
1467,Germany,4,2016,Malware,Telecommunications,77.7,57200,Hacker Group,Social Engineering,VPN,26,74
1468,USA,10,2016,Phishing,Government,14.65,936566,Nation-state,Social Engineering,VPN,61,47
1469,Japan,9,2019,DDoS,Healthcare,68.4,567370,Insider,Unpatched Software,VPN,9,7
1470,India,2,2015,Malware,Banking,34.51,970056,Hacker Group,Unpatched Software,Firewall,30,70
1471,Brazil,8,2020,Ransomware,IT,71.74,3432,Hacker Group,Unpatched Software,AI-based Detection,45,87
1472,Brazil,8,2015,Malware,Education,37.54,49473,Insider,Social Engineering,Firewall,51,17
1473,France,5,2019,Man-in-the-Middle,IT,76.35,460984,Hacker Group,Zero-day,Firewall,55,33
1474,UK,3,2024,Phishing,IT,71.2,228010,Nation-state,Social Engineering,Antivirus,59,105
1475,Russia,7,2024,Ransomware,Government,48.88,172789,Hacker Group,Unpatched Software,VPN,10,56
1476,China,1,2020,Man-in-the-Middle,Retail,48.24,338732,Nation-state,Unpatched Software,Firewall,15,78
1477,Germany,4,2017,Ransomware,Healthcare,32,175755,Insider,Weak Passwords,Firewall,30,68
1478,Brazil,8,2023,DDoS,Education,50.34,897521,Nation-state,Social Engineering,AI-based Detection,19,18
1479,Russia,7,2016,Ransomware,Healthcare,5.18,719532,Insider,Unpatched Software,VPN,10,56
1480,Australia,6,2024,DDoS,Government,95.28,583925,Insider,Zero-day,Encryption,70,27
1481,Russia,7,2016,Phishing,Retail,70.4,480522,Unknown,Zero-day,Antivirus,72,31
1482,Brazil,8,2015,SQL Injection,IT,47.2,16957,Unknown,Zero-day,Firewall,49,119
1483,France,5,2016,Ransomware,IT,29.35,316228,Unknown,Unpatched Software,VPN,7,56
1484,Australia,6,2018,SQL Injection,Banking,20.28,363414,Insider,Unpatched Software,Antivirus,59,41
1485,UK,3,2015,Man-in-the-Middle,Telecommunications,71.9,733671,Insider,Zero-day,VPN,20,84
1486,France,5,2019,SQL Injection,Telecommunications,27.91,399457,Nation-state,Weak Passwords,Firewall,48,118
1487,China,1,2017,DDoS,Government,57.34,171772,Nation-state,Social Engineering,Firewall,8,49
1488,USA,10,2015,Phishing,Government,82.4,197305,Insider,Unpatched Software,AI-based Detection,34,85
1489,Russia,7,2023,Ransomware,Healthcare,15.08,677971,Insider,Social Engineering,VPN,51,20
1490,India,2,2021,Man-in-the-Middle,Banking,55.12,942454,Hacker Group,Social Engineering,VPN,66,5
1491,Russia,7,2022,Ransomware,Government,38.84,211205,Insider,Unpatched Software,Antivirus,54,71
1492,Japan,9,2024,Malware,Telecommunications,42.79,483399,Insider,Zero-day,Antivirus,50,86
1493,China,1,2016,DDoS,Telecommunications,97.83,699791,Nation-state,Weak Passwords,Encryption,2,60
1494,Germany,4,2019,Phishing,Education,10.04,679314,Nation-state,Unpatched Software,Antivirus,39,55
1495,Brazil,8,2020,SQL Injection,Retail,96.97,466897,Insider,Unpatched Software,VPN,58,99
1496,Brazil,8,2024,SQL Injection,Healthcare,41.05,175957,Hacker Group,Zero-day,Antivirus,69,89
1497,India,2,2019,Ransomware,Government,10.37,912202,Nation-state,Weak Passwords,VPN,15,110
1498,Russia,7,2019,DDoS,Education,33.73,985398,Nation-state,Social Engineering,Antivirus,54,112
1499,China,1,2023,SQL Injection,Education,4.18,715127,Nation-state,Weak Passwords,Antivirus,60,72
1500,USA,10,2021,Malware,Retail,72.24,472835,Hacker Group,Unpatched Software,Encryption,57,93
1501,Australia,6,2016,DDoS,Healthcare,98.25,412019,Unknown,Weak Passwords,Antivirus,34,39
1502,India,2,2021,SQL Injection,Retail,85.69,172469,Insider,Weak Passwords,Antivirus,16,72
1503,UK,3,2015,Phishing,Banking,39.12,893284,Unknown,Unpatched Software,AI-based Detection,21,85
1504,India,2,2021,Malware,Telecommunications,82.66,586,Hacker Group,Zero-day,VPN,23,92
1505,Japan,9,2017,Phishing,IT,49.12,845169,Nation-state,Social Engineering,VPN,1,47
1506,Germany,4,2018,Ransomware,Government,89.36,184748,Unknown,Unpatched Software,Firewall,4,2
1507,Japan,9,2021,Malware,Healthcare,77.84,783976,Nation-state,Weak Passwords,Firewall,62,98
1508,France,5,2015,Phishing,IT,49.84,282583,Unknown,Weak Passwords,VPN,15,32
1509,Germany,4,2020,SQL Injection,Healthcare,96.31,591828,Unknown,Unpatched Software,Encryption,16,30
1510,India,2,2018,SQL Injection,Government,18.44,27344,Nation-state,Zero-day,VPN,1,36
1511,Australia,6,2024,Ransomware,Healthcare,18.16,200307,Unknown,Social Engineering,Antivirus,59,83
1512,China,1,2018,Man-in-the-Middle,IT,68.28,528411,Insider,Zero-day,AI-based Detection,10,45
1513,France,5,2015,Phishing,Banking,95.72,551812,Insider,Weak Passwords,Encryption,69,95
1514,Brazil,8,2019,SQL Injection,Education,96.6,975019,Unknown,Unpatched Software,Firewall,38,65
1515,China,1,2015,DDoS,Government,97.15,399851,Nation-state,Social Engineering,VPN,38,22
1516,India,2,2024,Ransomware,Government,79.3,998833,Hacker Group,Social Engineering,Firewall,21,54
1517,France,5,2017,Man-in-the-Middle,Education,76.35,517640,Hacker Group,Unpatched Software,Firewall,4,78
1518,Russia,7,2023,DDoS,Banking,33.51,615332,Hacker Group,Social Engineering,AI-based Detection,65,18
1519,France,5,2017,SQL Injection,Healthcare,96.08,592364,Insider,Weak Passwords,Antivirus,21,72
1520,China,1,2020,Phishing,Education,33.69,943680,Insider,Zero-day,AI-based Detection,46,23
1521,Brazil,8,2017,Man-in-the-Middle,Retail,17.99,506551,Unknown,Unpatched Software,Antivirus,53,66
1522,Japan,9,2022,Ransomware,Government,86.84,122651,Insider,Weak Passwords,AI-based Detection,59,100
1523,USA,10,2018,Man-in-the-Middle,Retail,97.62,459039,Nation-state,Weak Passwords,Firewall,68,116
1524,Germany,4,2021,Ransomware,IT,25.85,176331,Insider,Weak Passwords,Antivirus,25,19
1525,USA,10,2018,Ransomware,Healthcare,27.37,543437,Unknown,Unpatched Software,Firewall,20,2
1526,Germany,4,2022,SQL Injection,Telecommunications,29.02,859311,Insider,Zero-day,AI-based Detection,47,111
1527,USA,10,2018,DDoS,Retail,90.78,877041,Unknown,Unpatched Software,VPN,48,7
1528,France,5,2022,Ransomware,Healthcare,42.33,657939,Nation-state,Social Engineering,Antivirus,47,83
1529,Japan,9,2019,DDoS,Banking,81.89,920270,Nation-state,Unpatched Software,Antivirus,20,63
1530,USA,10,2015,Ransomware,Healthcare,43.81,905935,Unknown,Unpatched Software,VPN,60,56
1531,Australia,6,2019,Malware,Telecommunications,93.71,217863,Insider,Unpatched Software,VPN,31,24
1532,UK,3,2020,Man-in-the-Middle,Government,54.29,930468,Insider,Social Engineering,AI-based Detection,35,62
1533,Japan,9,2022,Phishing,Healthcare,55.72,179545,Unknown,Zero-day,Encryption,15,15
1534,India,2,2023,Ransomware,Retail,5.57,582097,Insider,Weak Passwords,Antivirus,40,19
1535,France,5,2023,SQL Injection,Banking,48.1,360752,Unknown,Zero-day,Antivirus,21,89
1536,India,2,2020,Phishing,Retail,25.79,907128,Insider,Unpatched Software,Antivirus,13,55
1537,UK,3,2024,Man-in-the-Middle,Banking,14.84,817793,Hacker Group,Social Engineering,VPN,64,5
1538,China,1,2024,Malware,Healthcare,85.76,922209,Nation-state,Zero-day,Antivirus,27,86
1539,USA,10,2019,DDoS,Retail,18.76,411707,Insider,Social Engineering,VPN,42,22
1540,India,2,2020,Phishing,Healthcare,38.19,847958,Insider,Weak Passwords,Firewall,32,75
1541,India,2,2015,Man-in-the-Middle,Banking,38.1,187807,Nation-state,Unpatched Software,VPN,37,77
1542,China,1,2024,SQL Injection,Telecommunications,10.18,637350,Unknown,Weak Passwords,Antivirus,52,72
1543,China,1,2024,SQL Injection,IT,36.27,237068,Hacker Group,Zero-day,Encryption,65,102
1544,Australia,6,2022,Ransomware,Government,92.07,819812,Nation-state,Unpatched Software,Encryption,63,25
1545,Brazil,8,2023,SQL Injection,Healthcare,72.9,434510,Hacker Group,Social Engineering,Firewall,72,58
1546,USA,10,2019,DDoS,Telecommunications,57.52,513601,Nation-state,Unpatched Software,VPN,14,7
1547,Japan,9,2015,Malware,Healthcare,5.79,821803,Unknown,Social Engineering,Firewall,40,17
1548,Russia,7,2020,Man-in-the-Middle,IT,14.68,12585,Unknown,Zero-day,Antivirus,30,80
1549,Russia,7,2020,Man-in-the-Middle,Telecommunications,10.12,405253,Hacker Group,Unpatched Software,Antivirus,52,66
1550,Japan,9,2017,DDoS,IT,86.89,703035,Unknown,Unpatched Software,Firewall,15,9
1551,Australia,6,2022,Phishing,Government,9.84,580402,Nation-state,Social Engineering,VPN,70,47
1552,France,5,2017,Man-in-the-Middle,Education,49.94,640572,Hacker Group,Social Engineering,Firewall,51,94
1553,Japan,9,2023,Phishing,Banking,75.13,85528,Hacker Group,Social Engineering,VPN,55,47
1554,UK,3,2024,Malware,Healthcare,33.21,79940,Unknown,Zero-day,Firewall,64,50
1555,China,1,2023,SQL Injection,Telecommunications,54.41,215401,Hacker Group,Social Engineering,VPN,50,96
1556,France,5,2018,Malware,IT,59.56,450313,Nation-state,Zero-day,AI-based Detection,26,29
1557,Australia,6,2016,Malware,Retail,45.71,461668,Nation-state,Unpatched Software,Firewall,10,70
1558,France,5,2021,Man-in-the-Middle,Banking,4.94,71156,Insider,Social Engineering,Encryption,34,73
1559,India,2,2017,Ransomware,Government,89.47,201732,Unknown,Zero-day,Antivirus,39,106
1560,Russia,7,2018,Man-in-the-Middle,Government,45.91,322132,Nation-state,Weak Passwords,Encryption,44,113
1561,Japan,9,2021,Phishing,Banking,82.85,854309,Insider,Zero-day,Antivirus,16,31
1562,USA,10,2016,Phishing,Retail,89.85,998085,Insider,Zero-day,VPN,7,10
1563,France,5,2018,Malware,IT,10.81,479628,Insider,Weak Passwords,VPN,13,114
1564,Russia,7,2022,Malware,Healthcare,34.32,554162,Insider,Weak Passwords,Encryption,33,51
1565,USA,10,2022,Phishing,Government,92.54,653402,Hacker Group,Social Engineering,Firewall,5,69
1566,UK,3,2016,Man-in-the-Middle,Government,62.9,119785,Hacker Group,Unpatched Software,Encryption,14,37
1567,Germany,4,2018,DDoS,Banking,48.76,754656,Hacker Group,Unpatched Software,VPN,35,7
1568,USA,10,2016,Malware,Retail,41.11,848855,Unknown,Unpatched Software,VPN,37,24
1569,China,1,2021,SQL Injection,Healthcare,57.2,328454,Nation-state,Zero-day,VPN,10,36
1570,Russia,7,2018,DDoS,Education,13.13,510702,Hacker Group,Weak Passwords,Firewall,15,97
1571,Australia,6,2015,Man-in-the-Middle,Education,20.96,248083,Hacker Group,Social Engineering,Encryption,70,73
1572,Brazil,8,2023,DDoS,Government,42.75,746425,Unknown,Zero-day,VPN,24,38
1573,Japan,9,2018,Ransomware,Education,82.89,336607,Unknown,Zero-day,AI-based Detection,17,115
1574,Brazil,8,2021,Ransomware,Government,21.21,570810,Insider,Social Engineering,Firewall,72,54
1575,France,5,2020,Malware,Banking,12.25,162930,Insider,Unpatched Software,Firewall,13,70
1576,Japan,9,2015,SQL Injection,Education,61.87,244406,Nation-state,Social Engineering,VPN,43,96
1577,Japan,9,2016,DDoS,Education,71.12,604557,Nation-state,Social Engineering,Encryption,20,14
1578,Germany,4,2024,Man-in-the-Middle,Education,26.58,313397,Hacker Group,Social Engineering,AI-based Detection,36,62
1579,Australia,6,2023,Malware,Retail,5.24,696902,Nation-state,Unpatched Software,Encryption,21,93
1580,UK,3,2024,Phishing,Banking,30.39,156576,Hacker Group,Unpatched Software,VPN,72,1
1581,UK,3,2020,Phishing,Healthcare,66.55,843310,Hacker Group,Zero-day,Antivirus,71,31
1582,China,1,2016,DDoS,Telecommunications,83.02,281862,Insider,Social Engineering,AI-based Detection,4,18
1583,India,2,2024,Ransomware,IT,88.23,526308,Insider,Unpatched Software,Antivirus,23,71
1584,Russia,7,2018,DDoS,IT,5.18,826924,Insider,Social Engineering,VPN,35,22
1585,China,1,2024,DDoS,IT,13.77,928751,Insider,Social Engineering,Encryption,26,14
1586,China,1,2021,Ransomware,Education,21.9,304804,Hacker Group,Weak Passwords,AI-based Detection,53,100
1587,Brazil,8,2024,Man-in-the-Middle,Education,34.42,960625,Nation-state,Weak Passwords,Firewall,48,116
1588,France,5,2019,Ransomware,Government,57.9,264088,Unknown,Weak Passwords,AI-based Detection,28,100
1589,Australia,6,2022,Phishing,Healthcare,61.97,633750,Insider,Unpatched Software,Antivirus,45,55
1590,China,1,2021,Ransomware,Healthcare,56.11,255531,Unknown,Social Engineering,Firewall,17,54
1591,Australia,6,2018,Ransomware,Banking,50.64,874035,Insider,Unpatched Software,Antivirus,38,71
1592,USA,10,2017,DDoS,Healthcare,64.99,632431,Insider,Zero-day,VPN,55,38
1593,Brazil,8,2018,Ransomware,Education,69.04,939146,Nation-state,Zero-day,Firewall,56,12
1594,India,2,2022,Man-in-the-Middle,Retail,13.82,633855,Hacker Group,Social Engineering,Antivirus,37,6
1595,Australia,6,2016,Malware,Government,22.48,686176,Nation-state,Zero-day,Firewall,62,50
1596,China,1,2022,Malware,Retail,11.31,561807,Unknown,Zero-day,Antivirus,17,86
1597,India,2,2023,SQL Injection,Government,60.53,15768,Unknown,Zero-day,VPN,66,36
1598,Germany,4,2019,Malware,Healthcare,98.45,32423,Hacker Group,Weak Passwords,Antivirus,45,46
1599,China,1,2021,SQL Injection,IT,97.06,329378,Nation-state,Weak Passwords,VPN,61,117
1600,India,2,2020,Phishing,Healthcare,64.7,541451,Hacker Group,Weak Passwords,Encryption,17,95
1601,China,1,2020,Man-in-the-Middle,Education,1.05,255393,Unknown,Unpatched Software,Encryption,71,37
1602,Japan,9,2017,Phishing,Government,89.97,141115,Hacker Group,Zero-day,AI-based Detection,9,23
1603,India,2,2015,Man-in-the-Middle,Telecommunications,48.58,358210,Nation-state,Zero-day,AI-based Detection,11,45
1604,Japan,9,2023,Man-in-the-Middle,Education,16.42,60322,Insider,Zero-day,VPN,22,84
1605,China,1,2019,Ransomware,Government,15.42,555153,Unknown,Zero-day,Encryption,11,88
1606,India,2,2018,SQL Injection,Healthcare,47.15,98266,Insider,Social Engineering,Firewall,18,58
1607,Russia,7,2019,Man-in-the-Middle,IT,52.8,633511,Insider,Zero-day,VPN,58,84
1608,UK,3,2015,Man-in-the-Middle,Banking,64.88,976213,Unknown,Social Engineering,Firewall,28,94
1609,Brazil,8,2016,DDoS,Telecommunications,94.1,838739,Unknown,Social Engineering,VPN,21,22
1610,China,1,2023,Ransomware,IT,23.18,367503,Nation-state,Weak Passwords,Encryption,17,120
1611,China,1,2018,Ransomware,Education,17.44,598614,Insider,Social Engineering,VPN,59,20
1612,France,5,2022,Phishing,Retail,22.72,629571,Hacker Group,Unpatched Software,VPN,41,1
1613,Japan,9,2021,Man-in-the-Middle,Education,69.99,834355,Nation-state,Unpatched Software,AI-based Detection,71,16
1614,USA,10,2020,Man-in-the-Middle,IT,87.88,731495,Nation-state,Unpatched Software,Antivirus,3,66
1615,UK,3,2020,SQL Injection,Retail,69.91,354637,Insider,Social Engineering,VPN,63,96
1616,USA,10,2020,Ransomware,Banking,27.45,60428,Nation-state,Weak Passwords,Antivirus,27,19
1617,China,1,2024,DDoS,Retail,13.17,95351,Nation-state,Unpatched Software,Antivirus,11,63
1618,Brazil,8,2020,Phishing,Retail,50.99,826159,Insider,Weak Passwords,VPN,3,32
1619,France,5,2020,SQL Injection,Healthcare,66.92,234301,Insider,Zero-day,AI-based Detection,32,111
1620,UK,3,2020,Phishing,Healthcare,39.47,551014,Nation-state,Social Engineering,Firewall,71,69
1621,Brazil,8,2017,SQL Injection,Telecommunications,4.35,809757,Nation-state,Social Engineering,VPN,61,96
1622,UK,3,2017,Malware,Healthcare,24.06,612319,Unknown,Social Engineering,Antivirus,47,26
1623,UK,3,2015,Phishing,Telecommunications,21.8,312051,Nation-state,Unpatched Software,VPN,41,1
1624,USA,10,2018,Phishing,Banking,89.74,279786,Insider,Zero-day,VPN,46,10
1625,Australia,6,2016,Phishing,Government,72.34,847817,Hacker Group,Social Engineering,Firewall,13,69
1626,Australia,6,2016,Man-in-the-Middle,Education,37.48,382682,Nation-state,Zero-day,Firewall,12,33
1627,USA,10,2021,Phishing,IT,38.2,159917,Insider,Zero-day,Antivirus,47,31
1628,France,5,2023,Man-in-the-Middle,Government,85.85,841548,Unknown,Zero-day,Firewall,68,33
1629,Japan,9,2017,DDoS,Healthcare,5.5,751586,Nation-state,Social Engineering,AI-based Detection,24,18
1630,Germany,4,2024,Man-in-the-Middle,Banking,53.51,680154,Nation-state,Zero-day,Firewall,2,33
1631,France,5,2023,Phishing,Education,37.38,978508,Insider,Weak Passwords,Firewall,42,75
1632,Germany,4,2020,Man-in-the-Middle,IT,84.55,392247,Unknown,Zero-day,Antivirus,7,80
1633,Russia,7,2023,SQL Injection,Retail,34.87,446911,Unknown,Weak Passwords,Firewall,25,118
1634,Australia,6,2023,Ransomware,IT,17.26,777799,Insider,Weak Passwords,Firewall,2,68
1635,Australia,6,2016,Ransomware,Healthcare,82.99,799581,Nation-state,Zero-day,AI-based Detection,50,115
1636,Germany,4,2015,Man-in-the-Middle,Retail,85.34,819676,Hacker Group,Zero-day,Antivirus,59,80
1637,Japan,9,2023,SQL Injection,Telecommunications,31.46,192430,Nation-state,Unpatched Software,AI-based Detection,49,11
1638,UK,3,2016,DDoS,Telecommunications,74.5,735,Hacker Group,Unpatched Software,Firewall,69,9
1639,USA,10,2023,Ransomware,Healthcare,12.79,654947,Insider,Social Engineering,Encryption,23,109
1640,USA,10,2018,DDoS,Banking,10.01,327826,Hacker Group,Social Engineering,AI-based Detection,35,18
1641,France,5,2016,Man-in-the-Middle,Healthcare,23.99,106126,Unknown,Weak Passwords,Antivirus,19,52
1642,Russia,7,2022,Man-in-the-Middle,IT,34.57,46493,Insider,Unpatched Software,Encryption,62,37
1643,Japan,9,2021,Man-in-the-Middle,Education,15.78,733307,Nation-state,Social Engineering,Firewall,29,94
1644,France,5,2015,Malware,Government,71.91,789673,Unknown,Weak Passwords,Antivirus,31,46
1645,China,1,2017,Ransomware,Education,64.93,159061,Insider,Weak Passwords,Firewall,12,68
1646,China,1,2020,Phishing,Education,6.35,80748,Hacker Group,Zero-day,Encryption,8,15
1647,UK,3,2020,Man-in-the-Middle,IT,85.85,697536,Unknown,Social Engineering,AI-based Detection,72,62
1648,Brazil,8,2019,SQL Injection,Healthcare,46.5,748146,Insider,Weak Passwords,AI-based Detection,13,107
1649,Russia,7,2020,Man-in-the-Middle,Telecommunications,64.39,803579,Unknown,Weak Passwords,VPN,1,3
1650,France,5,2021,Phishing,Retail,13.47,537683,Insider,Unpatched Software,VPN,41,1
1651,France,5,2020,DDoS,Retail,40.72,743271,Nation-state,Social Engineering,Firewall,10,49
1652,Australia,6,2018,Malware,Telecommunications,36.01,215231,Unknown,Zero-day,AI-based Detection,49,29
1653,UK,3,2022,Phishing,Banking,57.89,135941,Nation-state,Social Engineering,AI-based Detection,7,101
1654,USA,10,2017,Phishing,IT,7.95,362478,Hacker Group,Zero-day,Encryption,67,15
1655,Russia,7,2022,DDoS,Education,13.89,537149,Nation-state,Unpatched Software,VPN,54,7
1656,China,1,2016,SQL Injection,Retail,96.28,162061,Insider,Zero-day,Firewall,32,119
1657,China,1,2016,Ransomware,Banking,94.63,455702,Hacker Group,Weak Passwords,Antivirus,5,19
1658,UK,3,2021,Ransomware,Telecommunications,13.26,448367,Nation-state,Social Engineering,AI-based Detection,7,4
1659,France,5,2019,Malware,Retail,21.92,603904,Nation-state,Unpatched Software,Firewall,38,70
1660,France,5,2016,Malware,IT,81.81,331741,Hacker Group,Social Engineering,Antivirus,29,26
1661,Japan,9,2023,Ransomware,Education,58.79,983506,Hacker Group,Social Engineering,AI-based Detection,35,4
1662,China,1,2015,Phishing,Retail,14.72,914743,Insider,Social Engineering,AI-based Detection,69,101
1663,Germany,4,2022,Malware,Banking,59.7,258587,Insider,Social Engineering,VPN,7,74
1664,Brazil,8,2020,Man-in-the-Middle,Retail,16.26,527964,Insider,Zero-day,Firewall,28,33
1665,Brazil,8,2015,Phishing,Banking,29.61,593384,Unknown,Zero-day,Firewall,65,48
1666,UK,3,2023,Malware,IT,82.38,386972,Insider,Unpatched Software,AI-based Detection,56,67
1667,China,1,2017,DDoS,Healthcare,96.49,644339,Insider,Unpatched Software,Antivirus,71,63
1668,Brazil,8,2024,DDoS,Healthcare,76.39,782425,Insider,Weak Passwords,Encryption,13,60
1669,Russia,7,2024,SQL Injection,Banking,79.98,84185,Nation-state,Weak Passwords,VPN,2,117
1670,UK,3,2022,Malware,Healthcare,91.65,337120,Insider,Weak Passwords,Firewall,59,98
1671,UK,3,2020,Phishing,Banking,3.84,241282,Hacker Group,Social Engineering,Encryption,55,44
1672,China,1,2023,DDoS,Healthcare,97.15,734819,Unknown,Unpatched Software,AI-based Detection,50,13
1673,Australia,6,2024,DDoS,Healthcare,77.04,8517,Hacker Group,Weak Passwords,Encryption,4,60
1674,UK,3,2018,Man-in-the-Middle,Government,91.52,865257,Nation-state,Social Engineering,VPN,19,5
1675,Germany,4,2023,SQL Injection,Education,37.4,662428,Insider,Weak Passwords,AI-based Detection,4,107
1676,China,1,2020,Malware,Healthcare,11.89,646567,Insider,Unpatched Software,VPN,15,24
1677,USA,10,2019,DDoS,Telecommunications,43.29,266748,Unknown,Unpatched Software,Antivirus,30,63
1678,USA,10,2022,Ransomware,Retail,92.88,771367,Hacker Group,Social Engineering,Firewall,5,54
1679,USA,10,2020,DDoS,Banking,99.81,948174,Unknown,Social Engineering,AI-based Detection,4,18
1680,Brazil,8,2017,DDoS,Healthcare,62.74,460264,Unknown,Social Engineering,Firewall,9,49
1681,USA,10,2017,DDoS,Government,96.89,794147,Unknown,Unpatched Software,Antivirus,4,63
1682,France,5,2015,SQL Injection,IT,43.86,72222,Unknown,Weak Passwords,Firewall,64,118
1683,France,5,2020,DDoS,Telecommunications,66.27,995231,Nation-state,Weak Passwords,Firewall,53,97
1684,Japan,9,2021,Malware,Retail,90.8,841766,Nation-state,Social Engineering,AI-based Detection,16,61
1685,Russia,7,2015,Man-in-the-Middle,IT,95.04,566542,Unknown,Weak Passwords,Firewall,58,116
1686,UK,3,2022,Malware,Healthcare,12.67,781284,Hacker Group,Weak Passwords,Firewall,11,98
1687,UK,3,2021,Phishing,IT,89.59,361270,Nation-state,Weak Passwords,VPN,31,32
1688,India,2,2022,Malware,Telecommunications,97.03,404834,Hacker Group,Zero-day,VPN,62,92
1689,China,1,2023,DDoS,Government,53.46,374484,Unknown,Unpatched Software,Antivirus,46,63
1690,Australia,6,2020,SQL Injection,IT,21.02,681476,Unknown,Weak Passwords,VPN,6,117
1691,India,2,2019,SQL Injection,Retail,15.39,514826,Hacker Group,Unpatched Software,Firewall,72,65
1692,Japan,9,2022,Malware,Education,97.32,742866,Nation-state,Social Engineering,Encryption,61,76
1693,UK,3,2016,Ransomware,Healthcare,61.66,639896,Hacker Group,Social Engineering,VPN,63,20
1694,Australia,6,2022,SQL Injection,IT,15.29,42346,Hacker Group,Unpatched Software,VPN,33,99
1695,Japan,9,2019,Malware,Telecommunications,5.88,235399,Unknown,Social Engineering,Antivirus,21,26
1696,USA,10,2015,Man-in-the-Middle,Retail,24.93,448426,Nation-state,Weak Passwords,VPN,36,3
1697,France,5,2020,Ransomware,Retail,97.37,467137,Nation-state,Social Engineering,Encryption,14,109
1698,Japan,9,2017,SQL Injection,Education,11.49,364107,Hacker Group,Social Engineering,AI-based Detection,28,28
1699,India,2,2022,Man-in-the-Middle,Government,4.05,357898,Hacker Group,Social Engineering,Firewall,27,94
1700,China,1,2016,DDoS,Banking,76.9,605118,Insider,Social Engineering,Firewall,30,49
1701,Russia,7,2022,Man-in-the-Middle,Education,96.44,106169,Nation-state,Unpatched Software,Encryption,28,37
1702,France,5,2016,Ransomware,Healthcare,34.29,157547,Insider,Unpatched Software,AI-based Detection,29,87
1703,Brazil,8,2022,SQL Injection,Healthcare,56.63,242677,Insider,Social Engineering,Encryption,21,81
1704,China,1,2016,SQL Injection,Banking,63.67,385872,Insider,Zero-day,Firewall,50,119
1705,Germany,4,2018,DDoS,Retail,80.85,148209,Insider,Weak Passwords,Antivirus,54,39
1706,Japan,9,2022,DDoS,Healthcare,9.5,387457,Nation-state,Weak Passwords,VPN,61,90
1707,Russia,7,2023,Malware,IT,47.22,404004,Nation-state,Social Engineering,Encryption,58,76
1708,UK,3,2018,Ransomware,Retail,28.98,981029,Nation-state,Weak Passwords,Antivirus,42,19
1709,France,5,2017,Malware,Telecommunications,96.63,389525,Unknown,Zero-day,Antivirus,32,86
1710,India,2,2019,SQL Injection,IT,43.97,764974,Nation-state,Weak Passwords,VPN,18,117
1711,India,2,2017,Man-in-the-Middle,Healthcare,91.4,621971,Nation-state,Weak Passwords,AI-based Detection,49,108
1712,Brazil,8,2024,SQL Injection,IT,53.71,680584,Insider,Zero-day,AI-based Detection,5,111
1713,China,1,2018,SQL Injection,Education,15.36,907858,Nation-state,Social Engineering,Encryption,47,81
1714,Russia,7,2021,SQL Injection,Banking,80.68,983047,Hacker Group,Unpatched Software,Antivirus,19,41
1715,France,5,2015,Malware,Government,17.3,610049,Hacker Group,Social Engineering,AI-based Detection,37,61
1716,India,2,2021,SQL Injection,IT,52.16,100105,Unknown,Zero-day,Firewall,56,119
1717,USA,10,2023,SQL Injection,Government,89.46,59398,Hacker Group,Zero-day,Antivirus,8,89
1718,USA,10,2023,Malware,Banking,35.91,91974,Hacker Group,Zero-day,AI-based Detection,41,29
1719,Brazil,8,2019,Ransomware,Healthcare,9.32,785564,Insider,Unpatched Software,Antivirus,70,71
1720,China,1,2023,Phishing,Banking,15.21,597516,Nation-state,Unpatched Software,Antivirus,15,55
1721,UK,3,2019,Ransomware,IT,17.98,799372,Hacker Group,Zero-day,AI-based Detection,14,115
1722,France,5,2018,SQL Injection,Banking,32.84,77096,Unknown,Weak Passwords,VPN,29,117
1723,Brazil,8,2023,Man-in-the-Middle,Retail,59.18,610786,Nation-state,Social Engineering,AI-based Detection,31,62
1724,Japan,9,2021,SQL Injection,Telecommunications,28.33,667271,Insider,Weak Passwords,Firewall,22,118
1725,China,1,2023,Phishing,Banking,33.27,133315,Nation-state,Weak Passwords,AI-based Detection,25,43
1726,Brazil,8,2019,SQL Injection,Government,24.93,381105,Unknown,Weak Passwords,Encryption,3,64
1727,UK,3,2020,Ransomware,Banking,98.07,795120,Unknown,Social Engineering,Firewall,42,54
1728,Russia,7,2017,SQL Injection,Healthcare,67.13,198285,Nation-state,Unpatched Software,Encryption,56,30
1729,India,2,2023,DDoS,Government,34.46,580270,Unknown,Unpatched Software,Firewall,35,9
1730,UK,3,2018,Ransomware,Retail,45.67,277410,Hacker Group,Social Engineering,Firewall,42,54
1731,Australia,6,2022,Man-in-the-Middle,Government,38.29,793946,Nation-state,Weak Passwords,Firewall,12,116
1732,Australia,6,2019,Ransomware,Banking,15.21,126770,Insider,Weak Passwords,Encryption,67,120
1733,Australia,6,2016,Phishing,IT,55.18,66776,Unknown,Zero-day,Encryption,29,15
1734,China,1,2018,DDoS,Telecommunications,83.5,434797,Insider,Social Engineering,Antivirus,21,112
1735,France,5,2024,SQL Injection,Retail,3.07,901137,Nation-state,Zero-day,Antivirus,10,89
1736,Australia,6,2020,Man-in-the-Middle,Banking,34.59,427407,Unknown,Unpatched Software,Encryption,47,37
1737,USA,10,2021,Phishing,Banking,28.75,959107,Unknown,Zero-day,Antivirus,35,31
1738,Russia,7,2017,Man-in-the-Middle,IT,55.23,12439,Nation-state,Weak Passwords,Firewall,20,116
1739,Germany,4,2021,Man-in-the-Middle,Banking,14.45,292854,Nation-state,Unpatched Software,AI-based Detection,14,16
1740,USA,10,2023,Malware,Banking,66.06,189116,Insider,Social Engineering,AI-based Detection,53,61
1741,USA,10,2017,Phishing,Telecommunications,19.6,889404,Unknown,Weak Passwords,Firewall,60,75
1742,USA,10,2017,Man-in-the-Middle,Retail,58.98,566242,Nation-state,Social Engineering,VPN,63,5
1743,Brazil,8,2015,SQL Injection,IT,86.67,694491,Unknown,Unpatched Software,Firewall,65,65
1744,Australia,6,2015,DDoS,Education,51.54,297721,Nation-state,Weak Passwords,Antivirus,29,39
1745,China,1,2024,SQL Injection,Education,13.61,394335,Unknown,Zero-day,Encryption,43,102
1746,Japan,9,2016,Man-in-the-Middle,IT,57.14,590262,Insider,Unpatched Software,Antivirus,15,66
1747,Germany,4,2015,DDoS,IT,91.79,846200,Unknown,Social Engineering,AI-based Detection,26,18
1748,Japan,9,2017,Phishing,Telecommunications,89.85,44385,Hacker Group,Weak Passwords,AI-based Detection,18,43
1749,UK,3,2021,Phishing,Banking,44.7,408446,Insider,Social Engineering,VPN,43,47
1750,UK,3,2023,DDoS,Education,54,806965,Insider,Social Engineering,AI-based Detection,56,18
1751,Russia,7,2018,Ransomware,Education,79.93,587346,Hacker Group,Social Engineering,Antivirus,39,83
1752,Japan,9,2015,Phishing,Education,2.43,552342,Unknown,Zero-day,VPN,62,10
1753,France,5,2019,DDoS,Education,66.65,47104,Insider,Social Engineering,VPN,5,22
1754,USA,10,2016,DDoS,Retail,13.83,586557,Hacker Group,Social Engineering,AI-based Detection,37,18
1755,Russia,7,2017,Malware,Government,2.65,500857,Hacker Group,Zero-day,VPN,35,92
1756,USA,10,2022,Man-in-the-Middle,Banking,65.51,977913,Hacker Group,Weak Passwords,Antivirus,70,52
1757,France,5,2021,Malware,Telecommunications,68.64,894858,Hacker Group,Social Engineering,Firewall,19,17
1758,UK,3,2018,Man-in-the-Middle,IT,75.81,574089,Unknown,Unpatched Software,Firewall,32,78
1759,USA,10,2015,DDoS,Healthcare,62.99,232622,Nation-state,Weak Passwords,Antivirus,33,39
1760,India,2,2015,Malware,Retail,89.95,917351,Unknown,Zero-day,Encryption,43,59
1761,Australia,6,2024,SQL Injection,IT,98.31,694333,Insider,Unpatched Software,VPN,48,99
1762,India,2,2017,Ransomware,Government,38.87,968822,Nation-state,Weak Passwords,Antivirus,25,19
1763,Brazil,8,2015,DDoS,Banking,18.87,976838,Unknown,Weak Passwords,Firewall,65,97
1764,Australia,6,2019,DDoS,Education,54.63,22739,Insider,Unpatched Software,Firewall,44,9
1765,UK,3,2015,Man-in-the-Middle,Retail,7.92,657442,Nation-state,Social Engineering,Firewall,29,94
1766,Brazil,8,2018,Phishing,Education,57.59,257681,Nation-state,Zero-day,Antivirus,40,31
1767,Japan,9,2021,Man-in-the-Middle,Retail,9.97,536471,Hacker Group,Weak Passwords,Encryption,72,113
1768,France,5,2015,Ransomware,IT,84.02,824619,Unknown,Social Engineering,Firewall,21,54
1769,Russia,7,2016,SQL Injection,Government,77.94,538804,Hacker Group,Weak Passwords,VPN,43,117
1770,Japan,9,2023,Phishing,Healthcare,49.32,463704,Hacker Group,Weak Passwords,Firewall,14,75
1771,China,1,2021,Man-in-the-Middle,Telecommunications,66.61,596341,Insider,Weak Passwords,AI-based Detection,9,108
1772,Brazil,8,2020,Malware,Retail,89.71,529588,Nation-state,Weak Passwords,AI-based Detection,65,40
1773,Germany,4,2018,Man-in-the-Middle,Retail,43.28,22241,Hacker Group,Zero-day,Firewall,5,33
1774,Brazil,8,2020,Phishing,Banking,21.65,434936,Hacker Group,Zero-day,Encryption,24,15
1775,Japan,9,2019,Malware,IT,33.61,52191,Nation-state,Weak Passwords,Antivirus,72,46
1776,Australia,6,2015,Malware,Banking,8.24,242247,Insider,Social Engineering,Antivirus,29,26
1777,Brazil,8,2020,Phishing,Banking,34.5,372427,Insider,Weak Passwords,VPN,72,32
1778,Brazil,8,2021,Ransomware,Healthcare,67.25,796351,Nation-state,Weak Passwords,AI-based Detection,21,100
1779,Japan,9,2020,SQL Injection,Telecommunications,38.29,505831,Hacker Group,Social Engineering,Encryption,40,81
1780,Germany,4,2020,Malware,Government,32.59,743344,Insider,Zero-day,VPN,4,92
1781,China,1,2017,Phishing,Healthcare,70.4,651809,Unknown,Unpatched Software,Firewall,17,53
1782,Brazil,8,2023,SQL Injection,Telecommunications,31.54,839281,Insider,Weak Passwords,Encryption,25,64
1783,Brazil,8,2018,SQL Injection,Retail,84.79,99876,Insider,Unpatched Software,Firewall,56,65
1784,UK,3,2016,SQL Injection,Telecommunications,98.39,836521,Insider,Weak Passwords,Firewall,19,118
1785,Japan,9,2022,SQL Injection,Retail,43.73,392831,Nation-state,Weak Passwords,AI-based Detection,71,107
1786,China,1,2015,Ransomware,Government,86.88,99312,Unknown,Zero-day,AI-based Detection,60,115
1787,Japan,9,2017,Malware,Education,26.24,945147,Insider,Zero-day,AI-based Detection,20,29
1788,USA,10,2018,DDoS,IT,26.29,943039,Insider,Zero-day,Firewall,28,104
1789,Brazil,8,2016,Malware,Retail,76.81,670642,Unknown,Unpatched Software,AI-based Detection,10,67
1790,USA,10,2016,Malware,Banking,36.2,194553,Hacker Group,Social Engineering,AI-based Detection,48,61
1791,China,1,2022,Ransomware,Education,49.56,257224,Hacker Group,Social Engineering,Firewall,46,54
1792,India,2,2019,DDoS,Banking,58.96,891815,Unknown,Weak Passwords,Antivirus,19,39
1793,China,1,2020,Ransomware,Banking,98.05,168617,Hacker Group,Unpatched Software,VPN,16,56
1794,UK,3,2016,Ransomware,Government,83.67,701152,Nation-state,Social Engineering,Firewall,53,54
1795,USA,10,2023,SQL Injection,Banking,30.66,749609,Nation-state,Zero-day,AI-based Detection,28,111
1796,UK,3,2024,Man-in-the-Middle,Government,86.74,658712,Hacker Group,Unpatched Software,VPN,25,77
1797,China,1,2022,DDoS,Retail,77.74,642501,Hacker Group,Zero-day,AI-based Detection,19,35
1798,Australia,6,2017,Malware,Banking,92.65,817255,Hacker Group,Weak Passwords,Antivirus,62,46
1799,China,1,2021,Ransomware,Government,5.96,92237,Nation-state,Weak Passwords,AI-based Detection,47,100
1800,Australia,6,2023,Man-in-the-Middle,Telecommunications,66.91,156195,Nation-state,Unpatched Software,Firewall,58,78
1801,India,2,2016,Man-in-the-Middle,IT,23.38,618125,Nation-state,Zero-day,VPN,16,84
1802,Australia,6,2021,Man-in-the-Middle,Banking,82.04,828293,Insider,Weak Passwords,Antivirus,64,52
1803,Brazil,8,2017,Malware,Telecommunications,6.09,436100,Unknown,Zero-day,Encryption,12,59
1804,USA,10,2020,DDoS,Retail,14.12,787194,Unknown,Zero-day,VPN,51,38
1805,France,5,2021,Phishing,Retail,31.52,380086,Nation-state,Social Engineering,Encryption,65,44
1806,India,2,2024,Malware,Healthcare,13.74,330581,Unknown,Zero-day,AI-based Detection,54,29
1807,Australia,6,2017,SQL Injection,IT,99.99,672966,Hacker Group,Zero-day,Firewall,13,119
1808,India,2,2022,Malware,Telecommunications,19.56,772330,Hacker Group,Unpatched Software,Encryption,20,93
1809,Japan,9,2018,Man-in-the-Middle,Telecommunications,81.61,255844,Insider,Unpatched Software,Encryption,8,37
1810,Germany,4,2017,Ransomware,Government,80.7,107009,Nation-state,Social Engineering,Encryption,67,109
1811,Japan,9,2020,SQL Injection,Retail,10.41,872095,Nation-state,Unpatched Software,Firewall,44,65
1812,France,5,2015,DDoS,Banking,85.36,50427,Hacker Group,Zero-day,Encryption,5,27
1813,USA,10,2017,Phishing,Retail,15.24,599197,Unknown,Zero-day,AI-based Detection,8,23
1814,Brazil,8,2022,Malware,Telecommunications,40.08,459643,Nation-state,Weak Passwords,Antivirus,10,46
1815,China,1,2021,DDoS,Telecommunications,10.2,950257,Nation-state,Weak Passwords,AI-based Detection,61,34
1816,Australia,6,2022,Phishing,Healthcare,72.53,496317,Hacker Group,Weak Passwords,Antivirus,62,21
1817,Brazil,8,2017,Man-in-the-Middle,Healthcare,96.36,596078,Hacker Group,Weak Passwords,Encryption,10,113
1818,Brazil,8,2019,Ransomware,Banking,88.63,701522,Insider,Social Engineering,VPN,10,20
1819,India,2,2015,Man-in-the-Middle,Healthcare,37.15,357124,Nation-state,Weak Passwords,Antivirus,31,52
1820,Germany,4,2022,SQL Injection,Government,47.92,112688,Nation-state,Social Engineering,VPN,15,96
1821,India,2,2018,Phishing,Retail,14.46,743107,Hacker Group,Social Engineering,VPN,49,47
1822,India,2,2022,Man-in-the-Middle,Banking,32.47,947465,Unknown,Unpatched Software,AI-based Detection,69,16
1823,Japan,9,2019,Ransomware,Government,81.97,358572,Hacker Group,Weak Passwords,VPN,48,110
1824,India,2,2024,Malware,IT,92.08,430701,Hacker Group,Unpatched Software,VPN,54,24
1825,Russia,7,2021,DDoS,Banking,94.48,281900,Hacker Group,Zero-day,Antivirus,1,79
1826,Australia,6,2021,Malware,IT,84.74,391257,Hacker Group,Zero-day,AI-based Detection,66,29
1827,China,1,2019,Man-in-the-Middle,Banking,81.8,277875,Nation-state,Social Engineering,Antivirus,43,6
1828,Japan,9,2015,DDoS,IT,33.27,207244,Hacker Group,Zero-day,Antivirus,38,79
1829,India,2,2018,Malware,Healthcare,66.96,294133,Insider,Social Engineering,VPN,20,74
1830,Brazil,8,2023,Ransomware,Telecommunications,71.4,66852,Hacker Group,Weak Passwords,VPN,58,110
1831,China,1,2024,Ransomware,Telecommunications,67.47,54722,Nation-state,Social Engineering,Encryption,13,109
1832,Australia,6,2022,Phishing,Education,17.32,178951,Nation-state,Weak Passwords,Antivirus,26,21
1833,USA,10,2020,Ransomware,Healthcare,17.24,682791,Insider,Social Engineering,Encryption,44,109
1834,Russia,7,2016,SQL Injection,Education,17.05,888205,Nation-state,Weak Passwords,AI-based Detection,38,107
1835,France,5,2022,Phishing,IT,52.19,794901,Insider,Zero-day,VPN,26,10
1836,France,5,2018,DDoS,Government,27.44,978683,Insider,Zero-day,VPN,35,38
1837,Australia,6,2015,Phishing,Telecommunications,73.77,639279,Nation-state,Zero-day,VPN,44,10
1838,UK,3,2020,Malware,Retail,10.94,675338,Hacker Group,Weak Passwords,VPN,54,114
1839,Australia,6,2021,Man-in-the-Middle,Government,42.24,147589,Insider,Unpatched Software,Antivirus,31,66
1840,Australia,6,2017,DDoS,Government,82.39,646824,Hacker Group,Zero-day,AI-based Detection,2,35
1841,China,1,2016,Phishing,Government,37.62,465317,Insider,Social Engineering,Firewall,20,69
1842,USA,10,2023,Malware,IT,21.53,233379,Unknown,Unpatched Software,Antivirus,50,42
1843,China,1,2023,Malware,IT,43.51,684108,Unknown,Weak Passwords,Firewall,24,98
1844,Russia,7,2020,DDoS,Healthcare,44.32,130510,Unknown,Social Engineering,AI-based Detection,66,18
1845,Brazil,8,2016,Man-in-the-Middle,Banking,43.45,489853,Nation-state,Zero-day,AI-based Detection,28,45
1846,Australia,6,2022,Malware,Healthcare,47.92,25905,Nation-state,Unpatched Software,VPN,40,24
1847,Japan,9,2023,Malware,IT,73.74,795367,Hacker Group,Zero-day,AI-based Detection,55,29
1848,Australia,6,2023,Man-in-the-Middle,Retail,93.25,349335,Nation-state,Zero-day,Firewall,27,33
1849,USA,10,2015,Ransomware,Government,13.92,366147,Hacker Group,Weak Passwords,VPN,38,110
1850,India,2,2018,Phishing,Government,41.1,25094,Nation-state,Unpatched Software,VPN,42,1
1851,Russia,7,2024,Phishing,Retail,44.08,988889,Nation-state,Unpatched Software,Encryption,31,57
1852,Japan,9,2022,Man-in-the-Middle,IT,65.19,216303,Hacker Group,Unpatched Software,AI-based Detection,49,16
1853,Australia,6,2023,Ransomware,Healthcare,21.54,388211,Nation-state,Weak Passwords,Antivirus,22,19
1854,USA,10,2022,Man-in-the-Middle,Education,83.61,30235,Insider,Weak Passwords,Encryption,47,113
1855,USA,10,2023,Malware,Banking,13.99,109083,Nation-state,Weak Passwords,Antivirus,49,46
1856,Germany,4,2017,Malware,Healthcare,49.09,397361,Hacker Group,Weak Passwords,Encryption,57,51
1857,UK,3,2016,Ransomware,Retail,32.16,329026,Nation-state,Weak Passwords,VPN,31,110
1858,Australia,6,2017,Man-in-the-Middle,IT,45.5,889521,Nation-state,Weak Passwords,Encryption,51,113
1859,USA,10,2018,SQL Injection,Healthcare,73.16,849755,Insider,Weak Passwords,Encryption,46,64
1860,China,1,2021,Phishing,Education,70.2,631101,Unknown,Zero-day,Firewall,36,48
1861,Japan,9,2016,DDoS,Healthcare,10.62,625954,Insider,Weak Passwords,AI-based Detection,71,34
1862,Japan,9,2023,Man-in-the-Middle,IT,26.65,220769,Unknown,Zero-day,VPN,71,84
1863,China,1,2018,SQL Injection,Healthcare,52.01,527443,Hacker Group,Unpatched Software,Firewall,24,65
1864,Germany,4,2020,DDoS,Government,32.71,846169,Hacker Group,Zero-day,VPN,59,38
1865,China,1,2017,Malware,Education,47.46,783239,Unknown,Social Engineering,VPN,41,74
1866,China,1,2022,Malware,Telecommunications,11.39,104772,Unknown,Social Engineering,Firewall,43,17
1867,Germany,4,2015,DDoS,Telecommunications,31.68,33098,Hacker Group,Zero-day,AI-based Detection,8,35
1868,UK,3,2024,Man-in-the-Middle,Healthcare,65.78,512847,Insider,Social Engineering,Encryption,72,73
1869,Australia,6,2018,SQL Injection,Banking,71.01,840106,Insider,Weak Passwords,VPN,44,117
1870,Brazil,8,2024,SQL Injection,Healthcare,69.57,269458,Insider,Zero-day,Firewall,15,119
1871,Germany,4,2021,Ransomware,Healthcare,66.84,242893,Nation-state,Zero-day,Antivirus,50,106
1872,Russia,7,2018,Phishing,Education,5.25,605947,Insider,Zero-day,Firewall,13,48
1873,Japan,9,2018,SQL Injection,Education,60.57,468399,Nation-state,Zero-day,VPN,56,36
1874,India,2,2015,Ransomware,IT,61.68,503774,Hacker Group,Zero-day,Firewall,37,12
1875,France,5,2021,Phishing,Retail,45.74,754278,Insider,Social Engineering,Firewall,46,69
1876,Japan,9,2019,SQL Injection,IT,89.81,126120,Unknown,Social Engineering,Encryption,39,81
1877,UK,3,2018,Malware,IT,73.27,210024,Hacker Group,Weak Passwords,Antivirus,20,46
1878,France,5,2022,DDoS,Banking,51.33,970775,Insider,Unpatched Software,AI-based Detection,21,13
1879,France,5,2017,Ransomware,Education,19.84,832471,Insider,Social Engineering,Firewall,54,54
1880,India,2,2024,Phishing,IT,97.25,165316,Unknown,Zero-day,Encryption,61,15
1881,Australia,6,2016,DDoS,Retail,2.96,990886,Insider,Weak Passwords,AI-based Detection,59,34
1882,UK,3,2021,Malware,Telecommunications,82.28,370146,Nation-state,Zero-day,VPN,55,92
1883,China,1,2021,Man-in-the-Middle,Retail,49.59,284823,Unknown,Social Engineering,Antivirus,50,6
1884,UK,3,2016,Malware,Healthcare,65.14,742857,Nation-state,Weak Passwords,Antivirus,49,46
1885,Brazil,8,2024,DDoS,Healthcare,70,484101,Hacker Group,Unpatched Software,VPN,9,7
1886,UK,3,2015,Ransomware,Telecommunications,22.58,368441,Hacker Group,Weak Passwords,AI-based Detection,71,100
1887,Russia,7,2019,Malware,Banking,55.42,945465,Unknown,Weak Passwords,Firewall,5,98
1888,USA,10,2016,DDoS,Healthcare,27.08,551900,Unknown,Social Engineering,VPN,17,22
1889,UK,3,2021,Malware,Banking,73.02,731722,Hacker Group,Weak Passwords,VPN,28,114
1890,Germany,4,2018,Phishing,Banking,88.73,436597,Insider,Unpatched Software,AI-based Detection,33,85
1891,France,5,2020,DDoS,Education,16.35,728830,Insider,Zero-day,AI-based Detection,45,35
1892,USA,10,2022,Ransomware,IT,85.61,826018,Hacker Group,Weak Passwords,Firewall,24,68
1893,Russia,7,2020,Ransomware,Telecommunications,76.61,791323,Insider,Unpatched Software,Encryption,40,25
1894,USA,10,2015,SQL Injection,Banking,42.77,117454,Insider,Unpatched Software,Firewall,19,65
1895,Japan,9,2023,Ransomware,Retail,95.3,986882,Hacker Group,Weak Passwords,Encryption,45,120
1896,France,5,2016,Phishing,IT,78.12,770227,Unknown,Zero-day,Antivirus,20,31
1897,China,1,2024,SQL Injection,Government,21.33,997411,Nation-state,Social Engineering,Antivirus,25,8
1898,Japan,9,2020,Malware,Education,66.93,640603,Hacker Group,Unpatched Software,VPN,23,24
1899,Brazil,8,2024,Phishing,Telecommunications,81.54,499671,Hacker Group,Weak Passwords,VPN,4,32
1900,India,2,2020,Phishing,Retail,12.64,805905,Nation-state,Social Engineering,Firewall,54,69
1901,France,5,2017,Phishing,Retail,43.2,377252,Nation-state,Unpatched Software,Encryption,8,57
1902,USA,10,2018,Ransomware,Retail,20.58,653168,Unknown,Weak Passwords,AI-based Detection,3,100
1903,Brazil,8,2017,Phishing,IT,26.62,955790,Nation-state,Zero-day,Encryption,44,15
1904,USA,10,2018,Phishing,Telecommunications,15.56,734448,Unknown,Social Engineering,Encryption,37,44
1905,China,1,2021,Ransomware,Retail,12.97,425647,Unknown,Zero-day,Antivirus,4,106
1906,France,5,2019,SQL Injection,Banking,98.04,278315,Unknown,Unpatched Software,VPN,3,99
1907,UK,3,2020,Man-in-the-Middle,Telecommunications,63.35,294447,Unknown,Zero-day,AI-based Detection,54,45
1908,Brazil,8,2020,DDoS,Education,26.57,384988,Insider,Zero-day,AI-based Detection,19,35
1909,Japan,9,2020,Man-in-the-Middle,Education,29.58,141411,Insider,Unpatched Software,AI-based Detection,58,16
1910,France,5,2023,Phishing,Healthcare,72.54,581712,Insider,Social Engineering,VPN,12,47
1911,UK,3,2020,Ransomware,Education,35.16,100749,Unknown,Zero-day,Firewall,62,12
1912,Russia,7,2019,Malware,Education,56.94,217880,Nation-state,Unpatched Software,VPN,48,24
1913,France,5,2023,Man-in-the-Middle,Telecommunications,99.71,357542,Hacker Group,Zero-day,Antivirus,21,80
1914,UK,3,2021,Malware,Telecommunications,77.18,347426,Hacker Group,Zero-day,Antivirus,36,86
1915,France,5,2018,Man-in-the-Middle,Education,36.92,829140,Nation-state,Unpatched Software,Encryption,2,37
1916,France,5,2017,SQL Injection,Healthcare,42.8,683189,Unknown,Zero-day,VPN,19,36
1917,India,2,2019,Ransomware,Banking,89.41,453441,Hacker Group,Unpatched Software,VPN,29,56
1918,Australia,6,2017,Malware,IT,33.34,673439,Insider,Weak Passwords,Firewall,13,98
1919,Brazil,8,2016,SQL Injection,Telecommunications,13.94,832297,Nation-state,Weak Passwords,AI-based Detection,69,107
1920,India,2,2018,Phishing,IT,13.05,400964,Nation-state,Weak Passwords,VPN,19,32
1921,France,5,2019,DDoS,Telecommunications,52.94,192293,Nation-state,Weak Passwords,VPN,57,90
1922,Russia,7,2019,Man-in-the-Middle,Banking,26.02,565292,Insider,Unpatched Software,Antivirus,27,66
1923,Brazil,8,2016,Phishing,Education,9.23,774750,Nation-state,Social Engineering,Firewall,70,69
1924,France,5,2022,Phishing,IT,78.2,666996,Insider,Weak Passwords,Encryption,59,95
1925,Germany,4,2016,Malware,Healthcare,94.12,21382,Unknown,Weak Passwords,Encryption,21,51
1926,Germany,4,2021,Phishing,Telecommunications,55.14,463525,Nation-state,Unpatched Software,AI-based Detection,59,85
1927,Russia,7,2022,Ransomware,Telecommunications,16.98,905673,Insider,Weak Passwords,VPN,54,110
1928,India,2,2024,Man-in-the-Middle,Retail,30.59,619881,Nation-state,Unpatched Software,Antivirus,42,66
1929,France,5,2015,Malware,Banking,20.27,987350,Insider,Zero-day,Antivirus,4,86
1930,USA,10,2019,Phishing,Education,97.32,849084,Nation-state,Zero-day,VPN,62,10
1931,UK,3,2017,Man-in-the-Middle,Education,13.06,799627,Hacker Group,Weak Passwords,Antivirus,36,52
1932,France,5,2023,Man-in-the-Middle,Education,87.39,307155,Unknown,Unpatched Software,Antivirus,28,66
1933,Japan,9,2024,Ransomware,Retail,88.36,989106,Unknown,Zero-day,Firewall,3,12
1934,India,2,2020,Man-in-the-Middle,Retail,84.77,129144,Hacker Group,Weak Passwords,Antivirus,25,52
1935,UK,3,2015,Malware,Government,57.81,767562,Unknown,Zero-day,Antivirus,61,86
1936,Brazil,8,2015,Malware,IT,74.03,956965,Hacker Group,Unpatched Software,Encryption,40,93
1937,Germany,4,2023,Phishing,Retail,87.55,291580,Unknown,Unpatched Software,Firewall,25,53
1938,Germany,4,2017,Ransomware,Education,76.96,950276,Hacker Group,Unpatched Software,Firewall,31,2
1939,UK,3,2017,Man-in-the-Middle,Telecommunications,89.07,932075,Unknown,Unpatched Software,Firewall,72,78
1940,Germany,4,2015,DDoS,Healthcare,33.96,931456,Hacker Group,Zero-day,AI-based Detection,22,35
1941,Japan,9,2023,Ransomware,Retail,28.77,983880,Nation-state,Unpatched Software,Antivirus,54,71
1942,China,1,2022,DDoS,Education,18.49,20680,Nation-state,Social Engineering,Firewall,29,49
1943,Australia,6,2018,Malware,Education,21.39,437056,Hacker Group,Zero-day,AI-based Detection,52,29
1944,India,2,2021,Malware,Government,57.91,769222,Insider,Weak Passwords,Antivirus,32,46
1945,Australia,6,2022,Malware,Government,4.5,436928,Unknown,Social Engineering,Antivirus,34,26
1946,China,1,2021,DDoS,Healthcare,38.67,340194,Unknown,Weak Passwords,VPN,44,90
1947,India,2,2019,DDoS,IT,44.01,612030,Nation-state,Unpatched Software,Antivirus,47,63
1948,Australia,6,2019,Man-in-the-Middle,IT,87.89,551100,Insider,Zero-day,VPN,9,84
1949,Brazil,8,2022,Phishing,IT,26.02,251768,Unknown,Social Engineering,VPN,6,47
1950,Japan,9,2015,DDoS,Retail,11.69,680720,Nation-state,Zero-day,Encryption,2,27
1951,USA,10,2017,DDoS,Telecommunications,51.69,156213,Nation-state,Weak Passwords,VPN,9,90
1952,Japan,9,2020,Man-in-the-Middle,Retail,33.75,468856,Hacker Group,Unpatched Software,Firewall,15,78
1953,France,5,2023,Ransomware,Government,63.45,90678,Nation-state,Unpatched Software,Firewall,22,2
1954,UK,3,2022,DDoS,Retail,45.73,554585,Hacker Group,Social Engineering,VPN,63,22
1955,China,1,2021,Man-in-the-Middle,Banking,33.3,935265,Nation-state,Unpatched Software,Firewall,20,78
1956,Japan,9,2023,SQL Injection,Banking,43.96,459922,Nation-state,Zero-day,Encryption,12,102
1957,France,5,2017,DDoS,Healthcare,6.72,782873,Hacker Group,Zero-day,Encryption,4,27
1958,UK,3,2020,Ransomware,Banking,53.03,528708,Unknown,Social Engineering,VPN,14,20
1959,Germany,4,2020,SQL Injection,Healthcare,38.89,513096,Hacker Group,Weak Passwords,VPN,57,117
1960,Australia,6,2018,DDoS,Education,79.5,636407,Hacker Group,Zero-day,Encryption,11,27
1961,USA,10,2020,Ransomware,Retail,38.02,419557,Unknown,Weak Passwords,Antivirus,2,19
1962,Brazil,8,2018,DDoS,Healthcare,47.47,784099,Insider,Social Engineering,AI-based Detection,30,18
1963,Japan,9,2024,Malware,Telecommunications,71.18,37870,Nation-state,Zero-day,AI-based Detection,31,29
1964,Brazil,8,2022,Malware,IT,4.08,291590,Hacker Group,Zero-day,Antivirus,22,86
1965,India,2,2018,SQL Injection,Telecommunications,15.96,444408,Unknown,Weak Passwords,AI-based Detection,64,107
1966,Germany,4,2015,Malware,Banking,56.13,526658,Nation-state,Weak Passwords,VPN,38,114
1967,Japan,9,2021,Malware,Retail,30.53,333238,Hacker Group,Social Engineering,Firewall,20,17
1968,Australia,6,2020,DDoS,Retail,31.36,449936,Insider,Weak Passwords,VPN,52,90
1969,Germany,4,2023,Malware,Retail,71.05,61238,Unknown,Unpatched Software,AI-based Detection,41,67
1970,USA,10,2024,Malware,Education,24.93,916209,Unknown,Zero-day,Encryption,50,59
1971,India,2,2022,DDoS,Banking,13.97,762440,Nation-state,Unpatched Software,AI-based Detection,19,13
1972,China,1,2021,Malware,Banking,92.2,248859,Nation-state,Social Engineering,Antivirus,33,26
1973,Russia,7,2015,SQL Injection,IT,47.8,645774,Hacker Group,Social Engineering,Firewall,7,58
1974,Brazil,8,2024,Man-in-the-Middle,Healthcare,61.55,218189,Unknown,Weak Passwords,AI-based Detection,48,108
1975,China,1,2015,Man-in-the-Middle,Banking,66.47,623301,Hacker Group,Social Engineering,VPN,40,5
1976,Germany,4,2017,Ransomware,Education,10.32,195872,Hacker Group,Social Engineering,Antivirus,22,83
1977,Germany,4,2016,SQL Injection,IT,76.36,807745,Nation-state,Unpatched Software,AI-based Detection,71,11
1978,France,5,2020,Ransomware,Healthcare,25.49,50385,Unknown,Unpatched Software,Antivirus,10,71
1979,Brazil,8,2017,Malware,Telecommunications,73.71,377769,Hacker Group,Zero-day,Firewall,38,50
1980,UK,3,2018,Ransomware,Telecommunications,99.41,355256,Hacker Group,Unpatched Software,Firewall,51,2
1981,UK,3,2017,DDoS,Government,65.57,478549,Hacker Group,Weak Passwords,Antivirus,37,39
1982,Germany,4,2022,Malware,Retail,60.85,125300,Insider,Weak Passwords,AI-based Detection,11,40
1983,France,5,2018,Ransomware,Education,34.54,608196,Insider,Weak Passwords,AI-based Detection,25,100
1984,China,1,2023,Phishing,Government,43.49,27694,Unknown,Weak Passwords,Encryption,30,95
1985,China,1,2017,Man-in-the-Middle,Retail,30.38,29840,Hacker Group,Weak Passwords,AI-based Detection,63,108
1986,Russia,7,2015,Phishing,Banking,4.59,720643,Unknown,Social Engineering,Firewall,19,69
1987,Germany,4,2015,Man-in-the-Middle,IT,54.54,775866,Insider,Weak Passwords,AI-based Detection,69,108
1988,USA,10,2021,Phishing,Retail,95.86,671335,Hacker Group,Zero-day,Antivirus,62,31
1989,USA,10,2017,DDoS,Banking,98.07,276199,Insider,Weak Passwords,Antivirus,28,39
1990,UK,3,2015,Ransomware,IT,75.49,534962,Unknown,Weak Passwords,Encryption,59,120
1991,UK,3,2022,Phishing,Telecommunications,62.8,758516,Hacker Group,Zero-day,VPN,16,10
1992,Australia,6,2018,Phishing,Education,82.18,943662,Unknown,Weak Passwords,Antivirus,47,21
1993,Germany,4,2019,Ransomware,Government,99.3,257068,Hacker Group,Social Engineering,AI-based Detection,17,4
1994,USA,10,2015,DDoS,Education,66.04,75167,Insider,Unpatched Software,VPN,13,7
1995,Germany,4,2017,SQL Injection,Retail,88.18,3200,Insider,Weak Passwords,AI-based Detection,43,107
1996,Japan,9,2018,Ransomware,IT,60.82,917016,Unknown,Weak Passwords,VPN,39,110
1997,UK,3,2020,SQL Injection,Banking,40.31,760892,Hacker Group,Zero-day,VPN,22,36
1998,UK,3,2021,SQL Injection,Telecommunications,1.47,204624,Unknown,Unpatched Software,VPN,33,99
1999,India,2,2020,DDoS,Healthcare,16.65,324899,Insider,Unpatched Software,Firewall,57,9
2000,Australia,6,2023,Ransomware,Government,96.44,472878,Unknown,Social Engineering,Firewall,37,54
2001,France,5,2022,Malware,Retail,13.77,804221,Nation-state,Zero-day,Firewall,68,50
2002,Russia,7,2023,Ransomware,Banking,54.09,514319,Hacker Group,Zero-day,Firewall,37,12
2003,USA,10,2016,Man-in-the-Middle,Education,2.17,180599,Insider,Social Engineering,Antivirus,4,6
2004,China,1,2017,SQL Injection,Retail,61.83,129677,Hacker Group,Unpatched Software,Firewall,60,65
2005,USA,10,2016,Ransomware,Telecommunications,99.88,999508,Unknown,Unpatched Software,VPN,23,56
2006,Australia,6,2019,SQL Injection,Healthcare,3.92,915247,Nation-state,Zero-day,Encryption,52,102
2007,Japan,9,2015,Man-in-the-Middle,Education,50.99,685261,Nation-state,Unpatched Software,AI-based Detection,36,16
2008,UK,3,2023,DDoS,Government,34.8,48515,Hacker Group,Social Engineering,Encryption,50,14
2009,China,1,2017,Man-in-the-Middle,Government,49.37,613786,Nation-state,Unpatched Software,Antivirus,24,66
2010,Australia,6,2016,DDoS,Education,61.23,228033,Nation-state,Unpatched Software,Encryption,43,82
2011,India,2,2019,SQL Injection,Education,95.54,862718,Hacker Group,Weak Passwords,Antivirus,44,72
2012,Russia,7,2017,Ransomware,Healthcare,16.77,924837,Hacker Group,Unpatched Software,Firewall,62,2
2013,Japan,9,2018,SQL Injection,Government,20.36,876850,Insider,Weak Passwords,AI-based Detection,8,107
2014,Germany,4,2017,Phishing,Banking,10.56,556014,Nation-state,Unpatched Software,Encryption,11,57
2015,Brazil,8,2021,Phishing,Government,42.82,974362,Insider,Unpatched Software,Encryption,70,57
2016,India,2,2017,Man-in-the-Middle,IT,68.68,725608,Insider,Zero-day,AI-based Detection,15,45
2017,Russia,7,2019,Man-in-the-Middle,Education,6.79,386691,Nation-state,Weak Passwords,AI-based Detection,20,108
2018,India,2,2017,SQL Injection,Government,40.98,402855,Insider,Social Engineering,AI-based Detection,26,28
2019,Japan,9,2018,Phishing,Healthcare,25.66,518357,Insider,Weak Passwords,Firewall,42,75
2020,USA,10,2018,Phishing,Banking,29.35,724633,Hacker Group,Weak Passwords,Encryption,26,95
2021,Germany,4,2015,Ransomware,IT,6.74,742272,Nation-state,Zero-day,Antivirus,64,106
2022,Brazil,8,2024,Malware,IT,83.09,650093,Unknown,Social Engineering,Antivirus,58,26
2023,Japan,9,2021,Phishing,Banking,94.32,755165,Hacker Group,Social Engineering,Antivirus,28,105
2024,UK,3,2021,DDoS,IT,67.12,581923,Hacker Group,Social Engineering,VPN,63,22
2025,Australia,6,2024,Man-in-the-Middle,Retail,76.83,637189,Hacker Group,Unpatched Software,Antivirus,56,66
2026,USA,10,2017,DDoS,Retail,70.37,513625,Nation-state,Weak Passwords,VPN,37,90
2027,Germany,4,2024,Phishing,Government,22.46,499142,Nation-state,Unpatched Software,VPN,70,1
2028,USA,10,2024,Phishing,Healthcare,17.64,8334,Unknown,Zero-day,Firewall,13,48
2029,USA,10,2020,Phishing,Government,37.3,617277,Insider,Social Engineering,Antivirus,4,105
2030,USA,10,2018,Man-in-the-Middle,Education,2.17,614662,Unknown,Weak Passwords,VPN,37,3
2031,China,1,2024,DDoS,Banking,99.99,755185,Unknown,Weak Passwords,Encryption,20,60
2032,Russia,7,2018,DDoS,IT,37.84,839882,Nation-state,Social Engineering,AI-based Detection,7,18
2033,Russia,7,2021,Ransomware,Education,86.8,852965,Nation-state,Weak Passwords,Antivirus,39,19
2034,Brazil,8,2021,Man-in-the-Middle,Banking,3.69,566386,Insider,Unpatched Software,Encryption,45,37
2035,Japan,9,2017,Phishing,IT,73.85,402903,Insider,Zero-day,Encryption,55,15
2036,UK,3,2018,DDoS,Retail,0.5,261266,Hacker Group,Weak Passwords,Firewall,63,97
2037,France,5,2015,Malware,IT,91.94,899215,Hacker Group,Weak Passwords,Antivirus,59,46
2038,China,1,2023,Man-in-the-Middle,Education,35.37,455900,Hacker Group,Zero-day,Antivirus,11,80
2039,Japan,9,2023,SQL Injection,Government,69.61,391049,Unknown,Weak Passwords,Antivirus,35,72
2040,France,5,2020,Ransomware,Government,81.53,694660,Unknown,Weak Passwords,Encryption,29,120
2041,Germany,4,2020,DDoS,IT,63.96,650469,Unknown,Unpatched Software,Antivirus,58,63
2042,USA,10,2020,SQL Injection,IT,68.17,247149,Nation-state,Unpatched Software,Antivirus,47,41
2043,Japan,9,2019,DDoS,Education,15.54,645578,Insider,Weak Passwords,AI-based Detection,56,34
2044,Germany,4,2019,SQL Injection,Government,67.05,848517,Unknown,Unpatched Software,Antivirus,16,41
2045,France,5,2019,Malware,Healthcare,25.19,897755,Hacker Group,Social Engineering,Antivirus,61,26
2046,USA,10,2023,Ransomware,Government,93.34,999635,Nation-state,Weak Passwords,Firewall,24,68
2047,Brazil,8,2017,Phishing,Government,87.27,767721,Unknown,Weak Passwords,Encryption,9,95
2048,India,2,2019,Phishing,IT,33.15,629687,Unknown,Social Engineering,Firewall,53,69
2049,India,2,2021,Phishing,Retail,38.5,517843,Unknown,Unpatched Software,VPN,69,1
2050,Russia,7,2015,DDoS,Healthcare,20.92,807631,Nation-state,Weak Passwords,Firewall,56,97
2051,France,5,2024,Phishing,Retail,98.95,354954,Nation-state,Social Engineering,AI-based Detection,14,101
2052,Japan,9,2017,SQL Injection,Healthcare,54.26,839368,Insider,Unpatched Software,Antivirus,40,41
2053,Australia,6,2018,DDoS,Healthcare,10.77,910081,Nation-state,Zero-day,VPN,28,38
2054,USA,10,2024,Phishing,IT,87.42,979700,Hacker Group,Weak Passwords,Firewall,49,75
2055,China,1,2019,Man-in-the-Middle,Telecommunications,58.78,586131,Nation-state,Unpatched Software,Antivirus,68,66
2056,Australia,6,2017,Phishing,Education,82.47,317988,Nation-state,Zero-day,Encryption,2,15
2057,India,2,2018,Ransomware,Government,43.11,11241,Hacker Group,Weak Passwords,VPN,4,110
2058,Brazil,8,2016,Phishing,Education,97.98,381599,Unknown,Weak Passwords,Encryption,66,95
2059,USA,10,2016,SQL Injection,Education,16.5,347293,Nation-state,Unpatched Software,Firewall,65,65
2060,UK,3,2023,Ransomware,IT,86.23,82321,Unknown,Zero-day,Firewall,47,12
2061,Germany,4,2023,SQL Injection,Retail,49.76,460558,Nation-state,Zero-day,VPN,61,36
2062,Germany,4,2022,Man-in-the-Middle,Telecommunications,62.83,828280,Hacker Group,Social Engineering,VPN,62,5
2063,India,2,2020,Malware,Education,20.14,287352,Unknown,Zero-day,Firewall,69,50
2064,Australia,6,2020,Ransomware,Government,25.9,946651,Insider,Unpatched Software,VPN,67,56
2065,Japan,9,2017,Phishing,Education,88.43,954423,Unknown,Unpatched Software,Firewall,6,53
2066,Australia,6,2022,Ransomware,Banking,32.56,979382,Nation-state,Social Engineering,Antivirus,43,83
2067,Brazil,8,2017,DDoS,Government,58.67,12372,Nation-state,Social Engineering,Encryption,29,14
2068,Japan,9,2017,Phishing,IT,6.49,195044,Unknown,Unpatched Software,AI-based Detection,20,85
2069,Japan,9,2019,Ransomware,Telecommunications,34.93,721984,Nation-state,Weak Passwords,VPN,44,110
2070,UK,3,2022,DDoS,Education,71.55,654253,Insider,Weak Passwords,VPN,35,90
2071,Brazil,8,2015,Malware,Healthcare,23.01,686119,Insider,Weak Passwords,VPN,25,114
2072,Australia,6,2017,Man-in-the-Middle,Healthcare,93.91,776634,Unknown,Weak Passwords,Encryption,33,113
2073,India,2,2020,Ransomware,IT,41.09,698224,Insider,Unpatched Software,VPN,21,56
2074,Germany,4,2023,Malware,Government,86.77,88821,Unknown,Zero-day,Antivirus,39,86
2075,Russia,7,2022,Man-in-the-Middle,Banking,53.95,846546,Unknown,Unpatched Software,VPN,51,77
2076,Brazil,8,2016,Man-in-the-Middle,Retail,14.04,117819,Nation-state,Zero-day,Antivirus,15,80
2077,Russia,7,2021,Man-in-the-Middle,IT,70.97,465446,Unknown,Unpatched Software,Encryption,51,37
2078,Brazil,8,2015,Malware,Healthcare,75.72,184554,Unknown,Zero-day,AI-based Detection,39,29
2079,USA,10,2022,Phishing,IT,48.71,520480,Insider,Weak Passwords,VPN,66,32
2080,Brazil,8,2020,Malware,Government,50.61,294668,Nation-state,Social Engineering,Encryption,17,76
2081,USA,10,2017,Man-in-the-Middle,Healthcare,54.54,892665,Insider,Unpatched Software,VPN,31,77
2082,USA,10,2018,Ransomware,Healthcare,87.42,80926,Hacker Group,Unpatched Software,Antivirus,19,71
2083,UK,3,2016,Ransomware,Education,80.77,884536,Insider,Zero-day,Encryption,34,88
2084,Brazil,8,2015,SQL Injection,Healthcare,3.73,445422,Unknown,Unpatched Software,AI-based Detection,70,11
2085,Russia,7,2020,Ransomware,Government,52.28,376628,Unknown,Zero-day,Firewall,30,12
2086,Brazil,8,2016,Man-in-the-Middle,Banking,70.89,378949,Unknown,Weak Passwords,AI-based Detection,67,108
2087,Japan,9,2023,Phishing,IT,35.27,26036,Hacker Group,Weak Passwords,VPN,71,32
2088,USA,10,2020,DDoS,Government,40.98,191369,Insider,Unpatched Software,Firewall,65,9
2089,India,2,2017,Phishing,IT,93.62,899005,Insider,Weak Passwords,AI-based Detection,61,43
2090,France,5,2021,Man-in-the-Middle,Education,20.57,119348,Nation-state,Unpatched Software,Firewall,48,78
2091,Japan,9,2017,Man-in-the-Middle,Telecommunications,21.8,610106,Unknown,Social Engineering,Encryption,39,73
2092,USA,10,2015,SQL Injection,Education,28.19,239853,Insider,Unpatched Software,Encryption,64,30
2093,Germany,4,2015,Ransomware,Telecommunications,99.83,419344,Hacker Group,Zero-day,Firewall,59,12
2094,Germany,4,2023,SQL Injection,Healthcare,45.85,428415,Hacker Group,Zero-day,Antivirus,69,89
2095,France,5,2021,Malware,Banking,47.14,169113,Insider,Weak Passwords,VPN,55,114
2096,Russia,7,2015,Phishing,Government,24.06,867302,Unknown,Social Engineering,Firewall,55,69
2097,France,5,2020,DDoS,IT,63.87,821848,Insider,Unpatched Software,Firewall,60,9
2098,Australia,6,2020,Malware,Government,35.96,982719,Unknown,Social Engineering,Encryption,26,76
2099,Japan,9,2015,DDoS,Education,76.22,769794,Nation-state,Zero-day,AI-based Detection,29,35
2100,USA,10,2023,Phishing,IT,29.42,957199,Hacker Group,Social Engineering,AI-based Detection,49,101
2101,Russia,7,2020,Ransomware,Education,65.73,431174,Unknown,Weak Passwords,Encryption,24,120
2102,UK,3,2015,Ransomware,Education,44.39,483598,Insider,Zero-day,Antivirus,29,106
2103,Japan,9,2020,Malware,IT,80.49,661385,Hacker Group,Zero-day,Encryption,26,59
2104,UK,3,2018,Malware,Education,60.13,878362,Nation-state,Unpatched Software,Antivirus,57,42
2105,Australia,6,2020,Man-in-the-Middle,Healthcare,56.14,401178,Hacker Group,Unpatched Software,Encryption,43,37
2106,India,2,2018,Ransomware,Healthcare,11.57,144533,Unknown,Social Engineering,Encryption,67,109
2107,USA,10,2017,Ransomware,Government,89.9,828963,Unknown,Zero-day,Firewall,2,12
2108,Russia,7,2018,Man-in-the-Middle,Government,63.82,554294,Unknown,Unpatched Software,AI-based Detection,42,16
2109,UK,3,2019,Man-in-the-Middle,Banking,22.94,844953,Unknown,Weak Passwords,Antivirus,53,52
2110,Brazil,8,2020,Phishing,IT,94.02,581813,Unknown,Social Engineering,Encryption,20,44
2111,Japan,9,2017,Malware,Banking,9.76,122728,Unknown,Zero-day,AI-based Detection,7,29
2112,Japan,9,2020,DDoS,Education,39.33,267631,Hacker Group,Zero-day,AI-based Detection,12,35
2113,France,5,2019,SQL Injection,Retail,3.87,755230,Insider,Weak Passwords,AI-based Detection,31,107
2114,France,5,2018,Malware,Retail,80.37,339119,Unknown,Unpatched Software,Encryption,29,93
2115,France,5,2015,SQL Injection,Government,14.72,540718,Insider,Zero-day,AI-based Detection,6,111
2116,France,5,2024,DDoS,Government,85.88,546017,Unknown,Social Engineering,Encryption,14,14
2117,India,2,2024,SQL Injection,Retail,48.83,96083,Unknown,Weak Passwords,Firewall,17,118
2118,Australia,6,2019,Man-in-the-Middle,Retail,60.04,366318,Nation-state,Unpatched Software,VPN,35,77
2119,China,1,2017,Malware,IT,86.98,510454,Nation-state,Zero-day,VPN,18,92
2120,Germany,4,2023,Phishing,Government,12.62,68551,Nation-state,Weak Passwords,Firewall,55,75
2121,Russia,7,2024,Ransomware,Healthcare,63.74,83374,Insider,Zero-day,VPN,45,91
2122,USA,10,2016,Man-in-the-Middle,Banking,20.44,981595,Nation-state,Weak Passwords,Encryption,56,113
2123,France,5,2020,Phishing,Banking,13.38,934436,Unknown,Unpatched Software,Firewall,64,53
2124,India,2,2020,Ransomware,Healthcare,79.48,461093,Hacker Group,Zero-day,Firewall,42,12
2125,Japan,9,2019,SQL Injection,Retail,86.79,214195,Nation-state,Zero-day,Antivirus,54,89
2126,Germany,4,2021,SQL Injection,Education,17.55,519698,Insider,Social Engineering,Encryption,30,81
2127,Japan,9,2017,Man-in-the-Middle,Healthcare,16.71,393738,Nation-state,Zero-day,Antivirus,69,80
2128,USA,10,2015,DDoS,Government,41.75,327171,Unknown,Unpatched Software,VPN,41,7
2129,Japan,9,2022,DDoS,Telecommunications,94.79,534069,Nation-state,Social Engineering,Antivirus,6,112
2130,France,5,2022,SQL Injection,Government,68.53,812679,Nation-state,Zero-day,Encryption,67,102
2131,UK,3,2023,Malware,Education,23.86,552241,Hacker Group,Zero-day,Encryption,50,59
2132,China,1,2020,SQL Injection,Banking,80.98,708357,Unknown,Weak Passwords,Antivirus,49,72
2133,USA,10,2018,Man-in-the-Middle,Government,51.41,491008,Hacker Group,Weak Passwords,Encryption,50,113
2134,Germany,4,2016,Phishing,Telecommunications,99.98,761576,Insider,Unpatched Software,Antivirus,9,55
2135,India,2,2020,Ransomware,Government,12.64,10206,Hacker Group,Weak Passwords,Encryption,28,120
2136,Australia,6,2021,SQL Injection,Banking,92.66,49085,Hacker Group,Weak Passwords,VPN,32,117
2137,Brazil,8,2017,DDoS,Government,18.69,131940,Nation-state,Weak Passwords,Antivirus,34,39
2138,UK,3,2021,Phishing,IT,68.5,396839,Hacker Group,Zero-day,Encryption,60,15
2139,Germany,4,2020,DDoS,Banking,76.53,46824,Hacker Group,Social Engineering,VPN,39,22
2140,Russia,7,2019,DDoS,IT,71.22,705326,Hacker Group,Unpatched Software,Encryption,19,82
2141,India,2,2015,Malware,Telecommunications,4.52,252949,Insider,Unpatched Software,Firewall,51,70
2142,Russia,7,2021,Phishing,Government,45.97,699825,Nation-state,Unpatched Software,Antivirus,60,55
2143,Germany,4,2016,Man-in-the-Middle,Banking,3.57,882784,Insider,Weak Passwords,VPN,31,3
2144,Australia,6,2022,DDoS,Education,92.06,721334,Insider,Social Engineering,VPN,31,22
2145,Japan,9,2022,Malware,IT,71.15,840225,Unknown,Zero-day,Encryption,70,59
2146,UK,3,2024,Ransomware,Telecommunications,9.74,118118,Unknown,Social Engineering,VPN,17,20
2147,Japan,9,2016,Phishing,Education,30.42,272199,Nation-state,Zero-day,Antivirus,29,31
2148,UK,3,2016,Ransomware,Retail,59.44,964115,Nation-state,Unpatched Software,Firewall,48,2
2149,Brazil,8,2023,Man-in-the-Middle,Education,27.58,171936,Hacker Group,Weak Passwords,VPN,70,3
2150,Japan,9,2022,Malware,Healthcare,73.26,841903,Unknown,Social Engineering,Firewall,7,17
2151,Germany,4,2022,Man-in-the-Middle,Telecommunications,92.88,521871,Insider,Social Engineering,Encryption,6,73
2152,Germany,4,2024,Malware,Government,46.25,578427,Hacker Group,Weak Passwords,Encryption,16,51
2153,France,5,2015,DDoS,Banking,51.64,538890,Nation-state,Zero-day,Antivirus,59,79
2154,Brazil,8,2022,DDoS,Telecommunications,79.5,789067,Hacker Group,Unpatched Software,Firewall,63,9
2155,UK,3,2022,DDoS,IT,93.96,446331,Nation-state,Unpatched Software,AI-based Detection,17,13
2156,France,5,2024,Ransomware,Government,52.85,927623,Nation-state,Weak Passwords,Firewall,29,68
2157,Germany,4,2017,DDoS,Telecommunications,84.38,724629,Insider,Unpatched Software,AI-based Detection,18,13
2158,France,5,2023,Ransomware,Education,54.26,21699,Insider,Weak Passwords,AI-based Detection,32,100
2159,Germany,4,2017,SQL Injection,Healthcare,12.56,135042,Nation-state,Weak Passwords,Antivirus,13,72
2160,China,1,2020,Malware,IT,95.17,884741,Nation-state,Zero-day,Antivirus,30,86
2161,Australia,6,2023,DDoS,IT,99.62,285609,Unknown,Weak Passwords,Firewall,46,97
2162,UK,3,2021,Ransomware,Government,97.5,755692,Nation-state,Social Engineering,AI-based Detection,46,4
2163,India,2,2023,SQL Injection,Telecommunications,80.14,241449,Unknown,Unpatched Software,Antivirus,27,41
2164,Japan,9,2017,DDoS,IT,31.5,951607,Unknown,Zero-day,AI-based Detection,58,35
2165,Japan,9,2018,Phishing,Government,32.93,774050,Hacker Group,Social Engineering,Firewall,40,69
2166,Brazil,8,2018,Malware,Retail,83.42,538552,Hacker Group,Weak Passwords,AI-based Detection,65,40
2167,Australia,6,2021,DDoS,Retail,20.39,342951,Nation-state,Zero-day,Antivirus,72,79
2168,China,1,2023,DDoS,Healthcare,92.58,974261,Hacker Group,Social Engineering,Firewall,20,49
2169,Brazil,8,2019,SQL Injection,Healthcare,91.03,86583,Unknown,Social Engineering,Firewall,47,58
2170,Russia,7,2016,DDoS,Healthcare,90.94,326955,Nation-state,Zero-day,VPN,21,38
2171,Japan,9,2017,DDoS,Healthcare,54.41,344772,Hacker Group,Unpatched Software,AI-based Detection,5,13
2172,Russia,7,2015,Man-in-the-Middle,IT,30.93,568075,Unknown,Weak Passwords,Encryption,22,113
2173,China,1,2024,Ransomware,Government,24.43,693509,Nation-state,Unpatched Software,Firewall,70,2
2174,India,2,2018,Malware,Government,25.53,505404,Insider,Zero-day,AI-based Detection,30,29
2175,Germany,4,2024,Malware,IT,51.66,570159,Hacker Group,Unpatched Software,Antivirus,18,42
2176,India,2,2020,DDoS,Telecommunications,18.18,208313,Hacker Group,Weak Passwords,Encryption,5,60
2177,Japan,9,2018,Phishing,Retail,2.73,916272,Nation-state,Zero-day,Antivirus,32,31
2178,France,5,2015,Phishing,Banking,83.27,288526,Hacker Group,Unpatched Software,Encryption,66,57
2179,Australia,6,2022,Malware,Government,54.17,892175,Insider,Zero-day,VPN,18,92
2180,France,5,2021,Ransomware,Retail,76.83,189999,Hacker Group,Social Engineering,VPN,57,20
2181,UK,3,2023,SQL Injection,Telecommunications,78.9,716114,Insider,Weak Passwords,Firewall,63,118
2182,France,5,2018,Ransomware,Education,32.5,414904,Nation-state,Unpatched Software,VPN,53,56
2183,Germany,4,2019,SQL Injection,Banking,77.65,989592,Insider,Weak Passwords,Antivirus,49,72
2184,Australia,6,2015,Phishing,Government,60.68,389782,Insider,Social Engineering,Firewall,45,69
2185,Germany,4,2016,Malware,Healthcare,67.85,552427,Hacker Group,Zero-day,Encryption,58,59
2186,Russia,7,2022,Ransomware,Retail,44.25,933418,Nation-state,Zero-day,Antivirus,15,106
2187,India,2,2016,Man-in-the-Middle,Telecommunications,42.88,934333,Insider,Unpatched Software,Firewall,60,78
2188,Russia,7,2018,Malware,Telecommunications,65.81,213558,Unknown,Unpatched Software,Antivirus,37,42
2189,Russia,7,2024,DDoS,Telecommunications,41.37,271388,Nation-state,Unpatched Software,Encryption,36,82
2190,Brazil,8,2024,DDoS,Government,88.79,482307,Hacker Group,Zero-day,Firewall,62,104
2191,UK,3,2020,Man-in-the-Middle,Telecommunications,59.32,848419,Insider,Unpatched Software,VPN,27,77
2192,Brazil,8,2019,DDoS,Government,54.7,615305,Insider,Zero-day,Antivirus,6,79
2193,UK,3,2021,DDoS,Telecommunications,57.75,829827,Nation-state,Weak Passwords,Antivirus,48,39
2194,China,1,2022,Man-in-the-Middle,Education,60.55,699194,Nation-state,Social Engineering,Encryption,45,73
2195,France,5,2022,Malware,IT,6.51,82276,Insider,Zero-day,Firewall,26,50
2196,Russia,7,2024,Phishing,IT,47.56,234055,Unknown,Weak Passwords,VPN,64,32
2197,India,2,2019,Phishing,IT,52.47,880546,Nation-state,Zero-day,VPN,39,10
2198,China,1,2020,Phishing,Education,54.76,183678,Insider,Zero-day,AI-based Detection,59,23
2199,China,1,2023,DDoS,Education,42.64,720850,Unknown,Social Engineering,VPN,17,22
2200,Germany,4,2023,Phishing,Banking,39.53,339645,Unknown,Weak Passwords,AI-based Detection,2,43
2201,Japan,9,2017,DDoS,Telecommunications,73.27,368351,Nation-state,Zero-day,Antivirus,48,79
2202,Australia,6,2024,DDoS,Banking,88.79,810930,Insider,Weak Passwords,AI-based Detection,30,34
2203,France,5,2019,DDoS,IT,13.99,966010,Unknown,Weak Passwords,Encryption,20,60
2204,Japan,9,2015,Man-in-the-Middle,Telecommunications,79.88,104759,Hacker Group,Zero-day,AI-based Detection,12,45
2205,France,5,2017,Phishing,Banking,77.41,654122,Nation-state,Social Engineering,AI-based Detection,68,101
2206,India,2,2020,SQL Injection,Telecommunications,87.44,731625,Nation-state,Zero-day,Antivirus,33,89
2207,France,5,2020,Ransomware,Education,47.32,848222,Insider,Unpatched Software,VPN,16,56
2208,India,2,2017,Man-in-the-Middle,Telecommunications,32.4,437554,Insider,Weak Passwords,Firewall,19,116
2209,India,2,2023,Phishing,Retail,53.07,589348,Hacker Group,Social Engineering,Antivirus,4,105
2210,Brazil,8,2024,Ransomware,Retail,68.95,322146,Hacker Group,Social Engineering,Encryption,70,109
2211,India,2,2020,SQL Injection,Government,42.81,432917,Hacker Group,Unpatched Software,AI-based Detection,53,11
2212,UK,3,2022,DDoS,IT,53.91,64163,Unknown,Weak Passwords,AI-based Detection,7,34
2213,France,5,2021,Phishing,Retail,45.67,95873,Unknown,Unpatched Software,Antivirus,50,55
2214,Germany,4,2020,SQL Injection,Healthcare,62.61,205015,Nation-state,Unpatched Software,AI-based Detection,57,11
2215,Germany,4,2020,SQL Injection,Telecommunications,27.52,488501,Nation-state,Social Engineering,Encryption,47,81
2216,USA,10,2020,Ransomware,Retail,16.33,850758,Insider,Unpatched Software,Firewall,9,2
2217,Brazil,8,2019,SQL Injection,Healthcare,67.42,703282,Insider,Weak Passwords,Encryption,2,64
2218,Germany,4,2015,SQL Injection,Government,87.71,1579,Unknown,Unpatched Software,Antivirus,55,41
2219,Germany,4,2023,DDoS,IT,93.72,828721,Insider,Weak Passwords,Encryption,21,60
2220,Germany,4,2017,Malware,Government,67.79,239402,Hacker Group,Zero-day,VPN,17,92
2221,Russia,7,2024,DDoS,Education,54.4,891298,Insider,Social Engineering,AI-based Detection,60,18
2222,Australia,6,2024,Man-in-the-Middle,Education,86.52,915463,Insider,Weak Passwords,Antivirus,2,52
2223,India,2,2018,Malware,Education,99.09,395264,Unknown,Weak Passwords,Antivirus,5,46
2224,China,1,2015,Man-in-the-Middle,Healthcare,66.13,946668,Hacker Group,Unpatched Software,Encryption,67,37
2225,USA,10,2023,Malware,IT,52.54,201017,Insider,Unpatched Software,Encryption,17,93
2226,Germany,4,2022,SQL Injection,IT,48,876383,Insider,Zero-day,Encryption,72,102
2227,Australia,6,2022,Ransomware,Government,10.84,564944,Insider,Social Engineering,Antivirus,58,83
2228,Russia,7,2023,Malware,IT,6.35,259573,Nation-state,Zero-day,Firewall,68,50
2229,Japan,9,2020,DDoS,Education,99.83,10859,Nation-state,Social Engineering,AI-based Detection,66,18
2230,Russia,7,2020,DDoS,Government,41.45,496378,Insider,Unpatched Software,AI-based Detection,42,13
2231,UK,3,2019,Man-in-the-Middle,Education,29.92,937987,Hacker Group,Weak Passwords,VPN,45,3
2232,India,2,2023,Ransomware,Education,9.32,182887,Hacker Group,Unpatched Software,Firewall,51,2
2233,France,5,2017,Man-in-the-Middle,Healthcare,34.43,927694,Insider,Social Engineering,VPN,43,5
2234,Brazil,8,2021,Man-in-the-Middle,Banking,81.68,893986,Insider,Unpatched Software,Firewall,47,78
2235,USA,10,2018,Phishing,Retail,36.85,852789,Hacker Group,Social Engineering,VPN,4,47
2236,Brazil,8,2024,Man-in-the-Middle,Healthcare,26.92,695427,Nation-state,Zero-day,Encryption,28,103
2237,India,2,2019,DDoS,Banking,35.31,961173,Insider,Social Engineering,VPN,37,22
2238,China,1,2018,Man-in-the-Middle,Healthcare,11.74,430760,Nation-state,Unpatched Software,Firewall,63,78
2239,Germany,4,2016,Ransomware,Telecommunications,93.93,198764,Insider,Zero-day,Encryption,40,88
2240,Brazil,8,2021,Malware,Banking,34.68,786462,Unknown,Weak Passwords,Firewall,17,98
2241,India,2,2020,Malware,IT,84.43,999542,Hacker Group,Social Engineering,Encryption,15,76
2242,Australia,6,2022,Malware,Government,24.6,221315,Nation-state,Unpatched Software,VPN,53,24
2243,Brazil,8,2018,SQL Injection,Education,52.7,861075,Hacker Group,Social Engineering,Encryption,7,81
2244,Japan,9,2022,Phishing,Telecommunications,33.54,55209,Nation-state,Unpatched Software,VPN,11,1
2245,India,2,2018,Phishing,Education,43.54,76479,Insider,Zero-day,Firewall,4,48
2246,Japan,9,2016,SQL Injection,Telecommunications,37.17,728731,Unknown,Weak Passwords,VPN,72,117
2247,Japan,9,2017,SQL Injection,Education,36.37,161579,Nation-state,Zero-day,Firewall,15,119
2248,Germany,4,2019,SQL Injection,Government,56.53,362642,Unknown,Social Engineering,Encryption,19,81
2249,Brazil,8,2017,DDoS,Education,29.76,913276,Insider,Social Engineering,Encryption,57,14
2250,Brazil,8,2019,Phishing,Government,70.6,817268,Nation-state,Zero-day,VPN,1,10
2251,UK,3,2021,SQL Injection,IT,80.05,682480,Hacker Group,Zero-day,AI-based Detection,14,111
2252,USA,10,2024,DDoS,Telecommunications,15.53,298385,Hacker Group,Unpatched Software,AI-based Detection,11,13
2253,China,1,2020,DDoS,Healthcare,6.32,682445,Nation-state,Social Engineering,Firewall,20,49
2254,India,2,2021,SQL Injection,Government,18.26,78277,Hacker Group,Weak Passwords,Firewall,51,118
2255,India,2,2023,Man-in-the-Middle,IT,90.85,985267,Hacker Group,Unpatched Software,Firewall,48,78
2256,Japan,9,2016,Man-in-the-Middle,Healthcare,2.59,603982,Hacker Group,Social Engineering,Firewall,18,94
2257,Japan,9,2021,DDoS,Banking,74.26,81354,Insider,Weak Passwords,Firewall,6,97
2258,France,5,2021,Phishing,Education,78.99,542754,Insider,Zero-day,VPN,42,10
2259,Australia,6,2020,Phishing,Education,85.79,905386,Hacker Group,Zero-day,Firewall,17,48
2260,UK,3,2021,Phishing,Banking,88.38,281387,Hacker Group,Social Engineering,Firewall,55,69
2261,France,5,2015,Malware,Banking,30.15,205850,Insider,Unpatched Software,Firewall,72,70
2262,Germany,4,2024,Malware,Telecommunications,70.44,998028,Hacker Group,Unpatched Software,Encryption,59,93
2263,China,1,2015,Malware,IT,20.63,780527,Hacker Group,Zero-day,Antivirus,68,86
2264,USA,10,2020,Ransomware,Telecommunications,56.37,667436,Insider,Social Engineering,AI-based Detection,11,4
2265,Japan,9,2022,Ransomware,Retail,71.26,440529,Insider,Weak Passwords,Encryption,20,120
2266,China,1,2023,Man-in-the-Middle,Banking,3.47,194670,Nation-state,Social Engineering,Firewall,29,94
2267,USA,10,2023,DDoS,Banking,53.59,750875,Nation-state,Weak Passwords,Encryption,30,60
2268,China,1,2020,Phishing,Retail,75.95,970373,Unknown,Social Engineering,AI-based Detection,58,101
2269,France,5,2024,Phishing,Retail,44.98,827399,Nation-state,Weak Passwords,AI-based Detection,25,43
2270,UK,3,2018,Man-in-the-Middle,Education,81.01,416149,Insider,Unpatched Software,Antivirus,56,66
2271,Germany,4,2015,Ransomware,IT,51.11,506625,Insider,Weak Passwords,VPN,41,110
2272,USA,10,2018,Phishing,Government,38.83,333027,Hacker Group,Zero-day,VPN,19,10
2273,USA,10,2021,SQL Injection,Telecommunications,89.93,982269,Insider,Unpatched Software,Antivirus,51,41
2274,Brazil,8,2024,Malware,Government,78.97,724903,Unknown,Weak Passwords,Encryption,53,51
2275,Russia,7,2024,DDoS,Education,26.82,156823,Hacker Group,Social Engineering,VPN,1,22
2276,China,1,2017,DDoS,Education,56.73,244753,Insider,Zero-day,VPN,45,38
2277,Russia,7,2022,Malware,Retail,71.15,258554,Unknown,Social Engineering,AI-based Detection,72,61
2278,Australia,6,2020,Ransomware,Telecommunications,97.9,139407,Insider,Unpatched Software,Antivirus,41,71
2279,France,5,2023,Phishing,Education,5.8,206203,Hacker Group,Social Engineering,Encryption,7,44
2280,UK,3,2016,SQL Injection,Government,69.55,55635,Unknown,Weak Passwords,Encryption,13,64
2281,Germany,4,2021,Ransomware,Education,11.42,55683,Hacker Group,Unpatched Software,AI-based Detection,19,87
2282,India,2,2023,Phishing,Banking,87.62,210006,Nation-state,Social Engineering,VPN,27,47
2283,Russia,7,2015,Man-in-the-Middle,Education,98.58,816455,Unknown,Unpatched Software,AI-based Detection,40,16
2284,UK,3,2020,SQL Injection,IT,87.48,53147,Nation-state,Social Engineering,Antivirus,9,8
2285,UK,3,2018,SQL Injection,Telecommunications,80.96,583514,Hacker Group,Zero-day,VPN,54,36
2286,UK,3,2022,Ransomware,Government,85.43,688150,Unknown,Weak Passwords,Firewall,58,68
2287,Japan,9,2023,Phishing,Government,3.54,809443,Insider,Weak Passwords,VPN,59,32
2288,Japan,9,2024,Malware,Government,34.03,78149,Nation-state,Weak Passwords,Encryption,30,51
2289,Australia,6,2018,DDoS,Banking,64.29,113775,Insider,Weak Passwords,AI-based Detection,14,34
2290,India,2,2021,Ransomware,Banking,54.97,798498,Nation-state,Zero-day,VPN,54,91
2291,Brazil,8,2016,Phishing,Education,97.45,267789,Insider,Weak Passwords,Encryption,26,95
2292,UK,3,2023,SQL Injection,Telecommunications,30.19,833840,Insider,Unpatched Software,Antivirus,6,41
2293,USA,10,2018,DDoS,Banking,6.61,646433,Insider,Social Engineering,Firewall,37,49
2294,Brazil,8,2017,Man-in-the-Middle,Government,68.03,403770,Hacker Group,Weak Passwords,Encryption,22,113
2295,Germany,4,2018,SQL Injection,Retail,75.63,814701,Hacker Group,Social Engineering,Antivirus,63,8
2296,China,1,2019,Ransomware,IT,72.29,666683,Hacker Group,Zero-day,Encryption,34,88
2297,Germany,4,2016,DDoS,Banking,44.17,236438,Hacker Group,Weak Passwords,Antivirus,24,39
2298,Russia,7,2020,DDoS,Education,60.94,798113,Insider,Social Engineering,Antivirus,23,112
2299,Germany,4,2021,Malware,Healthcare,23.34,518982,Hacker Group,Weak Passwords,VPN,20,114
2300,Germany,4,2015,DDoS,IT,76.99,252225,Unknown,Unpatched Software,Antivirus,67,63
2301,USA,10,2017,SQL Injection,Government,60.66,5346,Unknown,Zero-day,Antivirus,69,89
2302,China,1,2017,DDoS,Retail,19.36,4814,Unknown,Social Engineering,AI-based Detection,42,18
2303,Brazil,8,2021,SQL Injection,Banking,50.61,772512,Hacker Group,Weak Passwords,Encryption,42,64
2304,Australia,6,2023,Phishing,Education,81.81,16360,Nation-state,Unpatched Software,AI-based Detection,37,85
2305,India,2,2024,Phishing,Telecommunications,38.68,224143,Nation-state,Social Engineering,Antivirus,60,105
2306,Russia,7,2023,SQL Injection,IT,52.35,743325,Insider,Weak Passwords,VPN,9,117
2307,France,5,2019,Phishing,Education,81.47,597542,Unknown,Weak Passwords,VPN,11,32
2308,Russia,7,2024,Malware,Education,55.15,913591,Hacker Group,Zero-day,AI-based Detection,51,29
2309,Japan,9,2023,SQL Injection,IT,8.24,183702,Nation-state,Zero-day,VPN,57,36
2310,China,1,2024,Ransomware,Healthcare,42.26,685837,Insider,Social Engineering,VPN,68,20
2311,India,2,2015,Phishing,Healthcare,28.6,690500,Hacker Group,Weak Passwords,Encryption,11,95
2312,India,2,2016,SQL Injection,Banking,4.31,520308,Insider,Zero-day,VPN,39,36
2313,India,2,2020,Phishing,Education,17.43,84643,Nation-state,Unpatched Software,Antivirus,53,55
2314,France,5,2023,Malware,Healthcare,85.28,762282,Hacker Group,Social Engineering,Firewall,11,17
2315,France,5,2022,Malware,Education,70.46,427144,Unknown,Social Engineering,Firewall,42,17
2316,Russia,7,2018,Man-in-the-Middle,Banking,86.87,800683,Nation-state,Unpatched Software,Firewall,57,78
2317,Japan,9,2024,Man-in-the-Middle,Education,46.39,662101,Insider,Social Engineering,VPN,7,5
2318,Australia,6,2016,Malware,IT,30.72,977343,Hacker Group,Weak Passwords,VPN,47,114
2319,India,2,2021,Ransomware,Education,86.73,534013,Unknown,Unpatched Software,Firewall,49,2
2320,China,1,2024,SQL Injection,Education,18.45,947933,Insider,Social Engineering,Antivirus,10,8
2321,Australia,6,2017,Malware,Retail,9.25,692167,Unknown,Weak Passwords,Encryption,70,51
2322,Japan,9,2023,Malware,IT,23.16,320277,Unknown,Weak Passwords,Encryption,69,51
2323,Japan,9,2017,Ransomware,Retail,49.75,163062,Unknown,Unpatched Software,AI-based Detection,43,87
2324,Australia,6,2017,Malware,Banking,25.76,801821,Unknown,Weak Passwords,AI-based Detection,18,40
2325,China,1,2016,Ransomware,Government,72.25,860664,Unknown,Zero-day,Firewall,10,12
2326,Japan,9,2018,Man-in-the-Middle,Education,20.85,511823,Insider,Zero-day,AI-based Detection,43,45
2327,Germany,4,2024,Man-in-the-Middle,IT,93.13,952299,Unknown,Weak Passwords,VPN,33,3
2328,India,2,2018,Phishing,Education,5.27,982450,Unknown,Weak Passwords,Firewall,32,75
2329,Australia,6,2024,DDoS,Retail,28.16,411083,Unknown,Weak Passwords,Firewall,30,97
2330,USA,10,2019,Man-in-the-Middle,Government,17.59,43140,Insider,Social Engineering,AI-based Detection,28,62
2331,UK,3,2018,Malware,Education,51.59,935465,Nation-state,Weak Passwords,AI-based Detection,28,40
2332,Germany,4,2018,DDoS,Banking,81.34,52799,Insider,Zero-day,AI-based Detection,38,35
2333,China,1,2020,SQL Injection,Telecommunications,70.02,688312,Nation-state,Unpatched Software,VPN,48,99
2334,France,5,2024,Phishing,Government,5.18,219162,Hacker Group,Unpatched Software,Encryption,23,57
2335,UK,3,2017,Man-in-the-Middle,Telecommunications,60.01,740448,Hacker Group,Weak Passwords,Encryption,26,113
2336,France,5,2016,Ransomware,Banking,62.73,596776,Nation-state,Zero-day,Firewall,17,12
2337,Australia,6,2022,SQL Injection,Telecommunications,56.2,571454,Insider,Weak Passwords,VPN,42,117
2338,Russia,7,2020,DDoS,Government,72.59,787260,Insider,Weak Passwords,Firewall,15,97
2339,UK,3,2018,Malware,Healthcare,19.79,805745,Insider,Weak Passwords,Firewall,7,98
2340,Russia,7,2020,SQL Injection,Telecommunications,35.02,377194,Unknown,Weak Passwords,Firewall,50,118
2341,China,1,2023,Malware,Education,37.07,417554,Insider,Unpatched Software,Antivirus,35,42
2342,China,1,2019,SQL Injection,Government,65.85,252025,Hacker Group,Zero-day,Encryption,60,102
2343,India,2,2015,Ransomware,Education,96.03,898251,Hacker Group,Weak Passwords,Antivirus,70,19
2344,Brazil,8,2015,Man-in-the-Middle,Banking,74.27,551388,Unknown,Unpatched Software,Encryption,51,37
2345,India,2,2017,DDoS,Banking,45.98,538245,Hacker Group,Weak Passwords,AI-based Detection,18,34
2346,India,2,2021,Malware,Telecommunications,50.97,838461,Nation-state,Zero-day,AI-based Detection,6,29
2347,Brazil,8,2020,SQL Injection,Banking,68.05,912770,Unknown,Zero-day,AI-based Detection,67,111
2348,India,2,2021,DDoS,Education,95.95,62194,Nation-state,Zero-day,AI-based Detection,12,35
2349,UK,3,2023,Man-in-the-Middle,Banking,15.01,416522,Insider,Social Engineering,VPN,63,5
2350,UK,3,2021,DDoS,IT,70.49,530341,Insider,Social Engineering,VPN,40,22
2351,Japan,9,2022,Ransomware,IT,73.1,346939,Insider,Weak Passwords,VPN,21,110
2352,Russia,7,2021,Phishing,Banking,78.45,56333,Unknown,Social Engineering,VPN,8,47
2353,Germany,4,2018,Ransomware,IT,27.51,644913,Unknown,Weak Passwords,VPN,32,110
2354,Japan,9,2017,SQL Injection,Banking,18.01,295917,Unknown,Weak Passwords,VPN,57,117
2355,India,2,2020,Malware,Healthcare,20.62,54206,Insider,Unpatched Software,VPN,51,24
2356,India,2,2018,DDoS,Telecommunications,47.5,423071,Unknown,Unpatched Software,Antivirus,69,63
2357,Australia,6,2021,Man-in-the-Middle,Healthcare,17.62,687020,Unknown,Weak Passwords,Antivirus,48,52
2358,USA,10,2020,Ransomware,Education,77.09,550317,Insider,Weak Passwords,Encryption,63,120
2359,Germany,4,2021,Phishing,Banking,48,170032,Nation-state,Social Engineering,Encryption,24,44
2360,China,1,2020,SQL Injection,Healthcare,11.55,388591,Unknown,Zero-day,Antivirus,68,89
2361,India,2,2023,DDoS,Healthcare,2.27,438318,Hacker Group,Unpatched Software,AI-based Detection,39,13
2362,India,2,2018,DDoS,Education,1.71,63389,Insider,Unpatched Software,VPN,20,7
2363,USA,10,2015,Man-in-the-Middle,Retail,95.66,377602,Nation-state,Zero-day,Firewall,15,33
2364,France,5,2021,SQL Injection,Government,42.75,467551,Unknown,Unpatched Software,Encryption,61,30
2365,UK,3,2022,Malware,Telecommunications,38.76,361529,Nation-state,Social Engineering,Firewall,67,17
2366,Australia,6,2019,Man-in-the-Middle,Retail,15.21,677755,Hacker Group,Social Engineering,Firewall,52,94
2367,UK,3,2022,Man-in-the-Middle,IT,66.25,303838,Nation-state,Zero-day,AI-based Detection,56,45
2368,India,2,2016,Ransomware,Banking,93.74,339815,Insider,Weak Passwords,Firewall,58,68
2369,Russia,7,2020,Ransomware,Banking,13.66,820140,Insider,Social Engineering,VPN,63,20
2370,Russia,7,2015,Ransomware,IT,49.3,879875,Insider,Zero-day,Encryption,61,88
2371,Brazil,8,2022,Man-in-the-Middle,Healthcare,40.94,987320,Unknown,Zero-day,AI-based Detection,44,45
2372,Japan,9,2023,SQL Injection,Government,13.51,772948,Unknown,Zero-day,VPN,43,36
2373,Brazil,8,2015,Phishing,Healthcare,84.83,794914,Insider,Social Engineering,Firewall,34,69
2374,Brazil,8,2019,DDoS,Telecommunications,36.98,198563,Hacker Group,Social Engineering,Firewall,24,49
2375,Germany,4,2022,DDoS,Retail,21.45,32346,Nation-state,Unpatched Software,AI-based Detection,38,13
2376,China,1,2015,Phishing,Banking,18.39,541829,Nation-state,Zero-day,Antivirus,33,31
2377,Russia,7,2024,Phishing,Telecommunications,21.22,446028,Hacker Group,Weak Passwords,VPN,37,32
2378,France,5,2022,Malware,Education,13.06,759625,Insider,Social Engineering,Encryption,14,76
2379,Brazil,8,2017,Phishing,Retail,3.18,520654,Nation-state,Social Engineering,VPN,53,47
2380,USA,10,2023,DDoS,IT,99.64,248383,Insider,Social Engineering,Firewall,55,49
2381,China,1,2017,Man-in-the-Middle,Banking,62.39,855974,Unknown,Social Engineering,VPN,44,5
2382,China,1,2020,Malware,Government,84.23,50842,Insider,Zero-day,AI-based Detection,59,29
2383,Germany,4,2015,Man-in-the-Middle,Education,81.5,697275,Nation-state,Weak Passwords,Encryption,59,113
2384,Germany,4,2022,Man-in-the-Middle,Telecommunications,0.54,419912,Nation-state,Zero-day,AI-based Detection,40,45
2385,Japan,9,2023,Man-in-the-Middle,Banking,65.8,193620,Nation-state,Zero-day,VPN,67,84
2386,China,1,2024,SQL Injection,Banking,58.32,777684,Unknown,Zero-day,VPN,31,36
2387,UK,3,2018,Malware,Healthcare,27.61,375245,Hacker Group,Social Engineering,Firewall,20,17
2388,China,1,2023,Man-in-the-Middle,IT,22.96,656090,Insider,Unpatched Software,Encryption,27,37
2389,Australia,6,2016,Man-in-the-Middle,IT,80.27,653967,Unknown,Unpatched Software,Encryption,21,37
2390,India,2,2022,SQL Injection,Education,0.83,977791,Unknown,Weak Passwords,Antivirus,15,72
2391,UK,3,2023,DDoS,Telecommunications,81.91,397687,Hacker Group,Social Engineering,VPN,65,22
2392,France,5,2017,Malware,Banking,40.87,719537,Nation-state,Zero-day,AI-based Detection,23,29
2393,Brazil,8,2017,DDoS,Telecommunications,34.79,724790,Hacker Group,Unpatched Software,Firewall,64,9
2394,France,5,2016,Phishing,IT,33.33,51723,Hacker Group,Weak Passwords,Encryption,23,95
2395,India,2,2023,Ransomware,Healthcare,18.26,312340,Nation-state,Zero-day,VPN,35,91
2396,India,2,2016,Man-in-the-Middle,Banking,15.28,995025,Unknown,Weak Passwords,AI-based Detection,52,108
2397,France,5,2024,SQL Injection,Telecommunications,48.77,336356,Hacker Group,Unpatched Software,Encryption,2,30
2398,France,5,2017,Ransomware,Retail,48.93,886212,Unknown,Weak Passwords,Encryption,67,120
2399,Japan,9,2016,Ransomware,Healthcare,37.23,209358,Nation-state,Social Engineering,Firewall,25,54
2400,Russia,7,2022,DDoS,Education,69.24,495616,Nation-state,Unpatched Software,Antivirus,38,63
2401,China,1,2021,SQL Injection,Government,55.55,224311,Insider,Zero-day,Firewall,57,119
2402,Japan,9,2022,DDoS,IT,51.95,65516,Insider,Weak Passwords,Firewall,37,97
2403,Germany,4,2024,Ransomware,Government,40.36,301972,Unknown,Weak Passwords,VPN,33,110
2404,Germany,4,2015,Phishing,Telecommunications,47.04,124250,Insider,Zero-day,AI-based Detection,64,23
2405,USA,10,2018,Man-in-the-Middle,Healthcare,22.61,733934,Nation-state,Zero-day,Firewall,31,33
2406,Brazil,8,2022,Malware,IT,19.26,377446,Unknown,Zero-day,AI-based Detection,12,29
2407,China,1,2021,SQL Injection,IT,98.57,430792,Insider,Weak Passwords,Antivirus,9,72
2408,UK,3,2015,Malware,IT,96.79,825881,Unknown,Zero-day,AI-based Detection,35,29
2409,USA,10,2020,Malware,Telecommunications,27.16,858207,Nation-state,Unpatched Software,AI-based Detection,42,67
2410,Germany,4,2021,Ransomware,Healthcare,16.64,912847,Unknown,Weak Passwords,Antivirus,27,19
2411,UK,3,2018,Malware,Banking,41.34,82287,Unknown,Unpatched Software,Encryption,61,93
2412,USA,10,2020,Man-in-the-Middle,Education,44.85,527938,Nation-state,Zero-day,Encryption,1,103
2413,UK,3,2022,DDoS,Telecommunications,50.9,645154,Insider,Weak Passwords,AI-based Detection,16,34
2414,India,2,2018,Ransomware,Retail,26.01,732636,Hacker Group,Zero-day,VPN,3,91
2415,Russia,7,2015,DDoS,Retail,69.61,26321,Nation-state,Zero-day,Encryption,11,27
2416,Germany,4,2023,Ransomware,Banking,52.88,982507,Unknown,Unpatched Software,Encryption,39,25
2417,Russia,7,2019,Malware,Retail,11.57,367712,Nation-state,Weak Passwords,Firewall,13,98
2418,Russia,7,2015,DDoS,Telecommunications,83.28,236346,Insider,Unpatched Software,AI-based Detection,55,13
2419,Australia,6,2018,SQL Injection,Retail,51.46,287089,Nation-state,Weak Passwords,Encryption,8,64
2420,Brazil,8,2024,Malware,Healthcare,50.71,964191,Unknown,Weak Passwords,VPN,36,114
2421,China,1,2016,SQL Injection,Healthcare,52.68,55913,Nation-state,Social Engineering,Antivirus,70,8
2422,Japan,9,2015,Phishing,Government,98.29,850600,Insider,Zero-day,Encryption,17,15
2423,France,5,2024,Phishing,Retail,45.57,201137,Hacker Group,Zero-day,Antivirus,25,31
2424,Germany,4,2017,Malware,Healthcare,1.68,859708,Nation-state,Weak Passwords,Encryption,10,51
2425,Russia,7,2016,Phishing,Government,2.74,863777,Insider,Zero-day,Antivirus,20,31
2426,Japan,9,2024,SQL Injection,Banking,67.37,521384,Unknown,Social Engineering,Antivirus,32,8
2427,Russia,7,2022,SQL Injection,Government,69.09,474183,Insider,Weak Passwords,Antivirus,27,72
2428,Brazil,8,2018,SQL Injection,Retail,36.63,829742,Insider,Unpatched Software,Firewall,57,65
2429,USA,10,2021,DDoS,Telecommunications,99.81,460842,Unknown,Weak Passwords,AI-based Detection,59,34
2430,Australia,6,2022,Malware,Retail,47.33,839881,Unknown,Zero-day,Firewall,51,50
2431,Brazil,8,2017,DDoS,IT,72.48,860625,Unknown,Zero-day,Firewall,4,104
2432,UK,3,2019,SQL Injection,Healthcare,65.47,263110,Insider,Social Engineering,Firewall,6,58
2433,Japan,9,2020,Man-in-the-Middle,IT,13.61,506364,Nation-state,Social Engineering,Firewall,66,94
2434,USA,10,2021,Phishing,Education,6.01,176772,Insider,Unpatched Software,Firewall,6,53
2435,Brazil,8,2021,SQL Injection,Retail,1.32,564277,Nation-state,Weak Passwords,Firewall,1,118
2436,Australia,6,2017,Man-in-the-Middle,Retail,47.97,36780,Insider,Unpatched Software,AI-based Detection,64,16
2437,Germany,4,2021,Ransomware,Retail,46.82,589744,Nation-state,Weak Passwords,VPN,32,110
2438,Russia,7,2018,Malware,Government,59.01,309230,Hacker Group,Social Engineering,Encryption,61,76
2439,China,1,2024,Man-in-the-Middle,Telecommunications,53.59,4913,Hacker Group,Weak Passwords,AI-based Detection,61,108
2440,Brazil,8,2020,SQL Injection,Education,50.41,350295,Insider,Unpatched Software,Encryption,5,30
2441,USA,10,2020,DDoS,Banking,60.2,998937,Nation-state,Zero-day,Antivirus,19,79
2442,Brazil,8,2018,Malware,Telecommunications,96.22,445546,Nation-state,Weak Passwords,Firewall,45,98
2443,Brazil,8,2023,SQL Injection,Healthcare,7.33,486146,Insider,Zero-day,Firewall,12,119
2444,UK,3,2016,Phishing,Education,29.49,466333,Hacker Group,Zero-day,Firewall,51,48
2445,Japan,9,2019,Phishing,Government,73.35,706019,Nation-state,Zero-day,Encryption,65,15
2446,UK,3,2020,DDoS,Retail,70.03,971464,Nation-state,Weak Passwords,Firewall,4,97
2447,India,2,2015,Man-in-the-Middle,IT,76.97,224983,Nation-state,Weak Passwords,AI-based Detection,42,108
2448,Brazil,8,2019,Ransomware,Telecommunications,87.41,919425,Nation-state,Unpatched Software,Encryption,45,25
2449,Russia,7,2023,DDoS,Telecommunications,57.25,115138,Unknown,Unpatched Software,Encryption,42,82
2450,Japan,9,2020,Phishing,IT,99.57,786468,Nation-state,Social Engineering,AI-based Detection,42,101
2451,India,2,2023,Phishing,Retail,5.11,620560,Hacker Group,Weak Passwords,Antivirus,59,21
2452,USA,10,2017,Malware,Government,56.74,976007,Insider,Social Engineering,Encryption,59,76
2453,France,5,2016,DDoS,Education,46.58,361163,Hacker Group,Zero-day,Firewall,38,104
2454,Brazil,8,2017,Ransomware,Healthcare,54.78,469735,Nation-state,Zero-day,Encryption,57,88
2455,USA,10,2015,Man-in-the-Middle,IT,46.27,117231,Unknown,Unpatched Software,AI-based Detection,28,16
2456,Germany,4,2018,Ransomware,Healthcare,14.38,276925,Unknown,Unpatched Software,VPN,54,56
2457,Australia,6,2019,Malware,Telecommunications,37.3,208089,Unknown,Zero-day,Antivirus,33,86
2458,Australia,6,2016,Phishing,Telecommunications,63.81,71720,Hacker Group,Zero-day,Encryption,21,15
2459,Russia,7,2024,Ransomware,Telecommunications,35.62,236676,Nation-state,Social Engineering,AI-based Detection,67,4
2460,India,2,2024,Man-in-the-Middle,Telecommunications,93.46,409281,Nation-state,Weak Passwords,Antivirus,18,52
2461,Japan,9,2023,Phishing,Banking,82.36,612815,Insider,Zero-day,Antivirus,12,31
2462,Russia,7,2018,SQL Injection,Telecommunications,11.32,153618,Nation-state,Weak Passwords,VPN,29,117
2463,India,2,2023,Ransomware,Banking,57.15,704230,Nation-state,Zero-day,VPN,71,91
2464,China,1,2019,Malware,Retail,79.37,863510,Hacker Group,Weak Passwords,VPN,2,114
2465,India,2,2024,DDoS,Healthcare,4.08,488599,Unknown,Social Engineering,Encryption,11,14
2466,France,5,2022,Ransomware,Healthcare,80.73,964782,Unknown,Weak Passwords,VPN,47,110
2467,Germany,4,2018,Man-in-the-Middle,IT,48.96,323027,Unknown,Unpatched Software,Encryption,49,37
2468,China,1,2023,Man-in-the-Middle,Education,10.55,12970,Unknown,Social Engineering,Antivirus,32,6
2469,India,2,2020,Man-in-the-Middle,Government,50.19,659835,Unknown,Zero-day,Encryption,46,103
2470,China,1,2023,SQL Injection,Telecommunications,66.92,336320,Hacker Group,Social Engineering,VPN,51,96
2471,China,1,2017,Man-in-the-Middle,Banking,47.52,83617,Insider,Unpatched Software,AI-based Detection,64,16
2472,Brazil,8,2018,Malware,Banking,87.13,99178,Nation-state,Unpatched Software,Antivirus,27,42
2473,Brazil,8,2024,Ransomware,Education,80.1,489369,Nation-state,Unpatched Software,Encryption,41,25
2474,Russia,7,2017,Phishing,Telecommunications,2.22,620350,Hacker Group,Zero-day,Firewall,45,48
2475,USA,10,2020,DDoS,Healthcare,38.14,846602,Insider,Weak Passwords,Firewall,31,97
2476,India,2,2017,Malware,Government,61.02,650042,Nation-state,Unpatched Software,Antivirus,48,42
2477,Japan,9,2019,Man-in-the-Middle,Government,61.01,549197,Hacker Group,Social Engineering,Antivirus,59,6
2478,France,5,2023,Phishing,IT,15.49,138639,Hacker Group,Unpatched Software,VPN,14,1
2479,Australia,6,2024,Man-in-the-Middle,Healthcare,93.4,833819,Insider,Unpatched Software,Antivirus,14,66
2480,India,2,2022,Malware,Retail,13.88,813217,Insider,Zero-day,AI-based Detection,71,29
2481,UK,3,2017,Malware,Banking,11.25,636273,Insider,Zero-day,Antivirus,30,86
2482,Russia,7,2017,Man-in-the-Middle,Banking,66.53,45277,Insider,Social Engineering,Firewall,43,94
2483,Australia,6,2015,Phishing,Telecommunications,89.41,488342,Hacker Group,Unpatched Software,Firewall,23,53
2484,France,5,2019,Phishing,IT,55.31,526220,Nation-state,Social Engineering,AI-based Detection,2,101
2485,USA,10,2023,DDoS,Education,90.38,311596,Insider,Weak Passwords,VPN,23,90
2486,Brazil,8,2024,DDoS,Retail,25.17,658226,Insider,Weak Passwords,VPN,52,90
2487,India,2,2019,Phishing,Education,6.29,344693,Hacker Group,Social Engineering,Encryption,19,44
2488,France,5,2016,Phishing,Education,37.57,380995,Unknown,Weak Passwords,VPN,60,32
2489,Brazil,8,2018,Malware,Banking,3.1,458185,Insider,Social Engineering,AI-based Detection,31,61
2490,Brazil,8,2022,Man-in-the-Middle,Education,91.69,581034,Insider,Social Engineering,VPN,67,5
2491,Russia,7,2019,Ransomware,Retail,19.97,722544,Hacker Group,Social Engineering,Encryption,14,109
2492,Brazil,8,2024,Phishing,IT,28.78,793783,Insider,Social Engineering,Firewall,17,69
2493,China,1,2023,SQL Injection,IT,53.21,620822,Unknown,Zero-day,Firewall,21,119
2494,Russia,7,2022,Ransomware,Healthcare,16.6,715102,Insider,Zero-day,Antivirus,2,106
2495,Russia,7,2021,Man-in-the-Middle,Banking,44.32,634390,Unknown,Zero-day,Antivirus,54,80
2496,Japan,9,2021,Ransomware,Government,10.34,791473,Nation-state,Weak Passwords,Firewall,58,68
2497,China,1,2022,Phishing,IT,41.81,631816,Unknown,Weak Passwords,Firewall,29,75
2498,Germany,4,2016,Malware,Banking,84.54,517353,Nation-state,Social Engineering,Antivirus,41,26
2499,Japan,9,2015,Malware,Telecommunications,40.38,118734,Insider,Unpatched Software,AI-based Detection,21,67
2500,India,2,2020,Man-in-the-Middle,Education,39.15,963367,Insider,Zero-day,Encryption,50,103
2501,Australia,6,2021,SQL Injection,Telecommunications,22.51,71557,Insider,Social Engineering,Antivirus,47,8
2502,Brazil,8,2017,Ransomware,Government,58.18,824704,Hacker Group,Zero-day,Antivirus,30,106
2503,Germany,4,2023,Man-in-the-Middle,Banking,92.48,1326,Nation-state,Social Engineering,Antivirus,11,6
2504,UK,3,2015,Phishing,Banking,51.38,630931,Insider,Zero-day,AI-based Detection,48,23
2505,Germany,4,2016,Phishing,Government,93.61,395731,Insider,Unpatched Software,AI-based Detection,64,85
2506,Australia,6,2017,Ransomware,Government,27.38,918816,Unknown,Weak Passwords,AI-based Detection,58,100
2507,Australia,6,2021,Malware,Healthcare,74.61,357205,Nation-state,Weak Passwords,Antivirus,21,46
2508,UK,3,2019,SQL Injection,IT,78.84,464960,Unknown,Unpatched Software,Encryption,24,30
2509,USA,10,2019,Ransomware,Telecommunications,65.7,51619,Insider,Unpatched Software,VPN,3,56
2510,Brazil,8,2017,Phishing,IT,81.04,850794,Unknown,Social Engineering,Antivirus,69,105
2511,France,5,2015,Man-in-the-Middle,Banking,27.2,559841,Nation-state,Unpatched Software,VPN,22,77
2512,China,1,2018,DDoS,Healthcare,86.38,685136,Nation-state,Weak Passwords,Antivirus,62,39
2513,Brazil,8,2016,Malware,Education,83.93,102797,Unknown,Weak Passwords,Firewall,17,98
2514,France,5,2022,Ransomware,Healthcare,40.36,439046,Insider,Social Engineering,VPN,42,20
2515,USA,10,2019,SQL Injection,Telecommunications,57.4,51312,Insider,Social Engineering,AI-based Detection,26,28
2516,Brazil,8,2022,Ransomware,Retail,1.42,510870,Unknown,Unpatched Software,AI-based Detection,35,87
2517,Russia,7,2021,SQL Injection,Government,66.5,348118,Hacker Group,Zero-day,VPN,42,36
2518,Australia,6,2016,Ransomware,Healthcare,47.18,509930,Unknown,Social Engineering,AI-based Detection,68,4
2519,UK,3,2016,Ransomware,IT,58.99,822380,Hacker Group,Zero-day,Firewall,26,12
2520,Germany,4,2022,SQL Injection,Banking,52.91,619669,Unknown,Unpatched Software,Antivirus,19,41
2521,Australia,6,2023,SQL Injection,Telecommunications,20.95,341111,Insider,Weak Passwords,VPN,14,117
2522,France,5,2018,Ransomware,Government,2.79,443730,Hacker Group,Weak Passwords,Antivirus,39,19
2523,Japan,9,2017,DDoS,IT,27.76,824968,Insider,Weak Passwords,Encryption,15,60
2524,Japan,9,2016,Man-in-the-Middle,Retail,58.77,172346,Nation-state,Social Engineering,AI-based Detection,51,62
2525,Germany,4,2022,DDoS,Telecommunications,51.95,919855,Hacker Group,Weak Passwords,Antivirus,56,39
2526,Germany,4,2021,Man-in-the-Middle,IT,90.57,254634,Hacker Group,Social Engineering,AI-based Detection,5,62
2527,France,5,2022,Phishing,Retail,39.15,724409,Unknown,Weak Passwords,Antivirus,56,21
2528,UK,3,2018,Phishing,Healthcare,95.3,269142,Unknown,Unpatched Software,Encryption,72,57
2529,India,2,2024,Phishing,Retail,92.48,32067,Insider,Unpatched Software,Antivirus,19,55
2530,Germany,4,2020,Malware,Government,32.2,591314,Hacker Group,Weak Passwords,Encryption,65,51
2531,Germany,4,2019,SQL Injection,Healthcare,91.72,149171,Hacker Group,Zero-day,VPN,64,36
2532,Brazil,8,2016,DDoS,IT,13.52,535205,Hacker Group,Social Engineering,AI-based Detection,53,18
2533,Germany,4,2022,Ransomware,Education,87.93,471889,Nation-state,Zero-day,Antivirus,4,106
2534,France,5,2019,Phishing,Healthcare,52.18,869751,Insider,Zero-day,Firewall,12,48
2535,Russia,7,2017,DDoS,Education,50.42,690010,Nation-state,Weak Passwords,Firewall,18,97
2536,Brazil,8,2017,Ransomware,Healthcare,32.9,433987,Unknown,Zero-day,AI-based Detection,21,115
2537,UK,3,2017,Phishing,Banking,1.54,31262,Unknown,Social Engineering,Firewall,56,69
2538,Australia,6,2022,Malware,Retail,32.26,824433,Nation-state,Unpatched Software,AI-based Detection,60,67
2539,Germany,4,2023,Man-in-the-Middle,Retail,23.28,651963,Insider,Unpatched Software,AI-based Detection,53,16
2540,France,5,2017,SQL Injection,Education,81.06,349070,Unknown,Zero-day,VPN,41,36
2541,USA,10,2024,Malware,Telecommunications,71.42,967411,Hacker Group,Social Engineering,AI-based Detection,47,61
2542,Japan,9,2021,SQL Injection,Retail,64.81,263770,Unknown,Social Engineering,Antivirus,62,8
2543,UK,3,2016,Phishing,Retail,85.89,714670,Hacker Group,Weak Passwords,VPN,32,32
2544,USA,10,2021,DDoS,Telecommunications,47.84,498904,Hacker Group,Zero-day,Antivirus,65,79
2545,USA,10,2024,Phishing,Education,47.95,569539,Unknown,Weak Passwords,Encryption,18,95
2546,China,1,2016,Man-in-the-Middle,Retail,82.52,217938,Nation-state,Weak Passwords,VPN,69,3
2547,China,1,2022,Ransomware,Retail,36.48,172607,Unknown,Zero-day,VPN,60,91
2548,India,2,2023,Man-in-the-Middle,Retail,95.66,424762,Insider,Unpatched Software,VPN,10,77
2549,Japan,9,2019,Man-in-the-Middle,IT,42.34,130309,Insider,Zero-day,AI-based Detection,56,45
2550,India,2,2018,DDoS,Government,65.11,95378,Insider,Social Engineering,Antivirus,67,112
2551,India,2,2017,Phishing,IT,53.95,920801,Nation-state,Zero-day,Antivirus,52,31
2552,Japan,9,2020,Man-in-the-Middle,Retail,91.36,551038,Insider,Social Engineering,Firewall,21,94
2553,China,1,2016,Malware,Telecommunications,85.8,962508,Unknown,Social Engineering,AI-based Detection,13,61
2554,France,5,2020,Malware,Healthcare,92.29,267554,Hacker Group,Social Engineering,Firewall,45,17
2555,Japan,9,2020,Ransomware,IT,25.3,76258,Unknown,Social Engineering,VPN,43,20
2556,Russia,7,2016,Malware,Banking,3.6,661377,Hacker Group,Weak Passwords,Antivirus,66,46
2557,Australia,6,2022,SQL Injection,Retail,56.62,310341,Unknown,Weak Passwords,Encryption,32,64
2558,Russia,7,2017,Phishing,Education,66.25,702883,Insider,Unpatched Software,VPN,31,1
2559,USA,10,2017,Malware,Education,78.38,516103,Hacker Group,Unpatched Software,Firewall,62,70
2560,USA,10,2015,Malware,Retail,84.7,542283,Hacker Group,Social Engineering,Firewall,64,17
2561,Russia,7,2016,SQL Injection,Government,43.75,173441,Hacker Group,Social Engineering,Antivirus,43,8
2562,France,5,2017,DDoS,Retail,67.36,856228,Hacker Group,Zero-day,Encryption,47,27
2563,UK,3,2019,Malware,IT,68.54,791265,Hacker Group,Social Engineering,Firewall,65,17
2564,USA,10,2019,Malware,Retail,45.42,969699,Hacker Group,Social Engineering,Firewall,63,17
2565,Russia,7,2023,Malware,Telecommunications,95,338867,Nation-state,Unpatched Software,AI-based Detection,34,67
2566,Japan,9,2018,Ransomware,Government,44.98,951249,Hacker Group,Weak Passwords,VPN,25,110
2567,USA,10,2022,Ransomware,IT,50.4,34584,Insider,Zero-day,Firewall,43,12
2568,Brazil,8,2021,Malware,Education,74.37,298836,Hacker Group,Social Engineering,Encryption,29,76
2569,Brazil,8,2018,Malware,Retail,27.82,526161,Unknown,Unpatched Software,AI-based Detection,12,67
2570,Brazil,8,2020,Phishing,Government,76.95,476308,Insider,Social Engineering,VPN,44,47
2571,China,1,2017,SQL Injection,Banking,29.39,206897,Unknown,Zero-day,Encryption,18,102
2572,Japan,9,2022,Malware,IT,1.92,2653,Nation-state,Unpatched Software,AI-based Detection,56,67
2573,UK,3,2024,Ransomware,Healthcare,90.37,540353,Hacker Group,Unpatched Software,Antivirus,68,71
2574,Germany,4,2015,Phishing,Retail,84.77,779922,Nation-state,Zero-day,Antivirus,50,31
2575,Germany,4,2016,Ransomware,Education,24.4,908906,Hacker Group,Weak Passwords,AI-based Detection,46,100
2576,Russia,7,2021,Man-in-the-Middle,Healthcare,28.34,446741,Nation-state,Weak Passwords,Firewall,20,116
2577,India,2,2023,Phishing,Education,9.95,317488,Insider,Social Engineering,VPN,46,47
2578,Brazil,8,2024,Phishing,IT,72.33,182613,Unknown,Unpatched Software,AI-based Detection,26,85
2579,UK,3,2018,Ransomware,IT,61.42,211305,Hacker Group,Zero-day,Encryption,27,88
2580,UK,3,2024,DDoS,Government,68.83,60379,Hacker Group,Unpatched Software,Firewall,32,9
2581,Russia,7,2020,Ransomware,Healthcare,11.11,785179,Unknown,Weak Passwords,VPN,2,110
2582,Russia,7,2022,SQL Injection,Telecommunications,1.99,652682,Insider,Social Engineering,Encryption,46,81
2583,Brazil,8,2022,SQL Injection,Banking,5.85,52649,Nation-state,Unpatched Software,Encryption,57,30
2584,Germany,4,2024,Man-in-the-Middle,Government,45.75,865871,Insider,Weak Passwords,Antivirus,58,52
2585,Russia,7,2022,DDoS,Retail,93.71,474552,Nation-state,Zero-day,Encryption,20,27
2586,France,5,2024,SQL Injection,Healthcare,5.7,400840,Insider,Social Engineering,VPN,57,96
2587,USA,10,2020,Phishing,Education,60.57,275819,Nation-state,Social Engineering,Firewall,69,69
2588,Brazil,8,2021,DDoS,Retail,89.79,454088,Hacker Group,Social Engineering,VPN,70,22
2589,France,5,2018,Phishing,Government,30.68,338619,Hacker Group,Unpatched Software,Antivirus,68,55
2590,Brazil,8,2018,Malware,Banking,31.56,940038,Hacker Group,Zero-day,Antivirus,24,86
2591,USA,10,2017,DDoS,Government,98.73,17805,Nation-state,Weak Passwords,Antivirus,31,39
2592,Japan,9,2020,SQL Injection,Telecommunications,92.13,244933,Nation-state,Social Engineering,AI-based Detection,37,28
2593,USA,10,2016,Phishing,Retail,71.14,198602,Unknown,Zero-day,Firewall,18,48
2594,India,2,2023,DDoS,Retail,73.85,504861,Unknown,Weak Passwords,Antivirus,65,39
2595,UK,3,2016,Malware,Telecommunications,91.24,695618,Nation-state,Social Engineering,Antivirus,14,26
2596,China,1,2022,Man-in-the-Middle,Healthcare,5.4,270732,Unknown,Weak Passwords,Firewall,31,116
2597,UK,3,2015,Phishing,Retail,77.58,270326,Nation-state,Social Engineering,Firewall,24,69
2598,Russia,7,2017,Man-in-the-Middle,Government,80.95,827534,Hacker Group,Unpatched Software,Firewall,29,78
2599,Germany,4,2020,Man-in-the-Middle,Retail,46.07,32499,Insider,Zero-day,Firewall,14,33
2600,Russia,7,2016,Malware,Telecommunications,52.2,279065,Hacker Group,Unpatched Software,VPN,62,24
2601,Germany,4,2017,Ransomware,Telecommunications,49.56,119598,Insider,Unpatched Software,Encryption,43,25
2602,Germany,4,2016,SQL Injection,Education,61.78,387500,Nation-state,Weak Passwords,AI-based Detection,30,107
2603,Brazil,8,2018,Phishing,Education,66.07,656031,Nation-state,Social Engineering,Encryption,36,44
2604,China,1,2022,Ransomware,Education,85.72,637259,Unknown,Zero-day,VPN,57,91
2605,Russia,7,2023,SQL Injection,Education,0.98,623106,Nation-state,Weak Passwords,Firewall,43,118
2606,India,2,2015,DDoS,Education,21.74,513867,Unknown,Zero-day,Firewall,34,104
2607,Australia,6,2023,Man-in-the-Middle,Healthcare,7.54,710871,Insider,Zero-day,Firewall,55,33
2608,India,2,2020,Malware,Healthcare,7.08,875225,Unknown,Zero-day,Antivirus,31,86
2609,Germany,4,2024,Malware,Retail,71.2,989625,Unknown,Social Engineering,Firewall,53,17
2610,China,1,2016,DDoS,Education,89.08,210433,Insider,Weak Passwords,AI-based Detection,63,34
2611,USA,10,2018,Malware,IT,26.31,709153,Hacker Group,Weak Passwords,VPN,45,114
2612,France,5,2020,Ransomware,IT,21.11,568832,Nation-state,Social Engineering,Firewall,12,54
2613,China,1,2022,Phishing,Retail,51.76,355545,Unknown,Weak Passwords,Encryption,68,95
2614,Germany,4,2019,Phishing,Education,90.91,112635,Insider,Weak Passwords,Firewall,55,75
2615,Brazil,8,2015,SQL Injection,Banking,89.39,988268,Unknown,Zero-day,VPN,44,36
2616,India,2,2021,Malware,Education,65.87,357399,Nation-state,Zero-day,Encryption,2,59
2617,Japan,9,2018,Man-in-the-Middle,Government,78.16,512258,Hacker Group,Weak Passwords,Encryption,32,113
2618,Australia,6,2024,Ransomware,Healthcare,24.21,180760,Nation-state,Weak Passwords,Encryption,34,120
2619,USA,10,2023,Man-in-the-Middle,Retail,81.16,691638,Unknown,Zero-day,Antivirus,17,80
2620,Russia,7,2019,Ransomware,IT,80.18,123757,Insider,Social Engineering,Encryption,54,109
2621,Germany,4,2018,DDoS,Telecommunications,70,702285,Hacker Group,Zero-day,AI-based Detection,46,35
2622,Australia,6,2022,DDoS,Education,9.73,907708,Unknown,Unpatched Software,AI-based Detection,44,13
2623,Australia,6,2015,DDoS,Healthcare,4.49,713160,Hacker Group,Unpatched Software,Encryption,26,82
2624,USA,10,2022,Malware,Banking,46.75,239200,Nation-state,Social Engineering,Encryption,8,76
2625,China,1,2016,DDoS,Healthcare,63.15,500521,Nation-state,Weak Passwords,Encryption,27,60
2626,India,2,2015,Phishing,IT,25.47,741259,Hacker Group,Unpatched Software,Antivirus,18,55
2627,Japan,9,2021,SQL Injection,Education,3.97,604843,Insider,Unpatched Software,AI-based Detection,40,11
2628,UK,3,2023,SQL Injection,Education,19.17,697610,Insider,Weak Passwords,Encryption,18,64
2629,Germany,4,2022,SQL Injection,IT,58.35,730850,Hacker Group,Weak Passwords,AI-based Detection,27,107
2630,Australia,6,2018,SQL Injection,IT,65.08,417807,Insider,Social Engineering,Firewall,46,58
2631,India,2,2020,Malware,Healthcare,3.74,58205,Hacker Group,Unpatched Software,Encryption,63,93
2632,India,2,2016,SQL Injection,Healthcare,33.11,830670,Unknown,Social Engineering,Antivirus,11,8
2633,Brazil,8,2024,Ransomware,Government,57.7,691990,Insider,Weak Passwords,Antivirus,41,19
2634,USA,10,2015,Ransomware,Retail,74.68,498089,Insider,Weak Passwords,Encryption,18,120
2635,China,1,2015,Ransomware,IT,86.82,748040,Insider,Weak Passwords,Firewall,18,68
2636,Brazil,8,2018,Ransomware,Healthcare,4.51,909979,Nation-state,Social Engineering,VPN,65,20
2637,Australia,6,2019,Man-in-the-Middle,Banking,27,286038,Nation-state,Social Engineering,Encryption,43,73
2638,Russia,7,2021,SQL Injection,Retail,82.88,479586,Insider,Zero-day,AI-based Detection,8,111
2639,Australia,6,2020,Phishing,Banking,42.03,454763,Hacker Group,Social Engineering,Firewall,14,69
2640,UK,3,2019,Phishing,Telecommunications,33.85,60183,Nation-state,Unpatched Software,AI-based Detection,17,85
2641,Russia,7,2018,Phishing,Education,94.6,596801,Nation-state,Weak Passwords,Antivirus,70,21
2642,China,1,2021,Ransomware,IT,71.9,698786,Hacker Group,Zero-day,Antivirus,21,106
2643,Japan,9,2021,DDoS,Telecommunications,94.23,441749,Nation-state,Unpatched Software,AI-based Detection,55,13
2644,China,1,2018,SQL Injection,Healthcare,76.4,966102,Hacker Group,Social Engineering,Firewall,1,58
2645,India,2,2017,Malware,Healthcare,66.29,430200,Unknown,Zero-day,Antivirus,48,86
2646,UK,3,2023,Ransomware,Banking,49.89,638668,Nation-state,Social Engineering,Encryption,47,109
2647,UK,3,2019,DDoS,Healthcare,81.91,127817,Nation-state,Weak Passwords,Antivirus,66,39
2648,Brazil,8,2017,Man-in-the-Middle,Government,14.54,491794,Nation-state,Zero-day,Encryption,4,103
2649,Germany,4,2024,Ransomware,IT,33.44,737958,Hacker Group,Social Engineering,Encryption,54,109
2650,Australia,6,2017,DDoS,Education,31.74,724207,Hacker Group,Weak Passwords,Firewall,54,97
2651,Germany,4,2018,SQL Injection,Healthcare,78.11,451780,Hacker Group,Unpatched Software,VPN,28,99
2652,India,2,2016,Man-in-the-Middle,Healthcare,8.25,875227,Unknown,Zero-day,AI-based Detection,20,45
2653,Brazil,8,2018,Malware,Banking,17.52,334945,Nation-state,Weak Passwords,Antivirus,33,46
2654,Australia,6,2023,DDoS,IT,81.89,525978,Unknown,Weak Passwords,Antivirus,12,39
2655,UK,3,2016,Phishing,Retail,37.29,761252,Insider,Weak Passwords,VPN,57,32
2656,China,1,2017,Phishing,Government,38.87,168075,Insider,Social Engineering,AI-based Detection,52,101
2657,Japan,9,2015,Ransomware,Banking,6.57,443408,Hacker Group,Weak Passwords,Encryption,71,120
2658,UK,3,2018,DDoS,IT,17.99,60917,Unknown,Zero-day,VPN,1,38
2659,USA,10,2017,Man-in-the-Middle,Banking,59.54,839892,Nation-state,Weak Passwords,Encryption,20,113
2660,Brazil,8,2021,Ransomware,Government,72.14,673933,Unknown,Zero-day,AI-based Detection,22,115
2661,USA,10,2021,Ransomware,Education,84.64,534283,Insider,Social Engineering,VPN,49,20
2662,UK,3,2022,DDoS,Education,32.2,49715,Insider,Unpatched Software,Encryption,72,82
2663,China,1,2022,SQL Injection,Banking,1.16,297461,Hacker Group,Zero-day,Firewall,15,119
2664,Russia,7,2021,SQL Injection,Healthcare,48.71,861410,Unknown,Social Engineering,VPN,7,96
2665,Germany,4,2016,DDoS,Telecommunications,14.28,547178,Insider,Social Engineering,Firewall,45,49
2666,Japan,9,2020,Ransomware,Banking,37.38,273660,Insider,Weak Passwords,Firewall,6,68
2667,Brazil,8,2023,Phishing,IT,23.01,195113,Unknown,Unpatched Software,Encryption,4,57
2668,China,1,2018,Man-in-the-Middle,Banking,9.77,881294,Insider,Unpatched Software,AI-based Detection,3,16
2669,USA,10,2024,Phishing,Government,58.64,146937,Hacker Group,Social Engineering,Firewall,10,69
2670,Russia,7,2016,Phishing,Healthcare,11.29,72191,Unknown,Weak Passwords,Antivirus,3,21
2671,Australia,6,2022,Man-in-the-Middle,Government,90.65,898589,Hacker Group,Zero-day,AI-based Detection,58,45
2672,Japan,9,2024,Malware,Telecommunications,30.66,430306,Nation-state,Weak Passwords,VPN,67,114
2673,Australia,6,2022,DDoS,IT,27.02,835814,Insider,Weak Passwords,Encryption,40,60
2674,Russia,7,2015,SQL Injection,IT,56.07,837322,Insider,Zero-day,AI-based Detection,25,111
2675,Russia,7,2019,SQL Injection,Telecommunications,10.88,299403,Unknown,Unpatched Software,Antivirus,23,41
2676,USA,10,2024,Man-in-the-Middle,Government,96.13,482492,Unknown,Social Engineering,Encryption,17,73
2677,China,1,2022,DDoS,IT,88.61,777010,Hacker Group,Weak Passwords,VPN,34,90
2678,Germany,4,2021,DDoS,IT,73.5,806210,Unknown,Weak Passwords,Antivirus,5,39
2679,China,1,2024,Malware,Government,1.17,281616,Nation-state,Unpatched Software,Encryption,6,93
2680,India,2,2023,Ransomware,Banking,42.02,827952,Hacker Group,Unpatched Software,AI-based Detection,21,87
2681,USA,10,2020,Malware,Retail,59.15,179586,Hacker Group,Social Engineering,VPN,27,74
2682,UK,3,2022,Phishing,Retail,26.63,725905,Hacker Group,Zero-day,VPN,54,10
2683,USA,10,2016,DDoS,Healthcare,30.49,723411,Hacker Group,Weak Passwords,AI-based Detection,40,34
2684,India,2,2024,Malware,Banking,14.01,141437,Nation-state,Weak Passwords,Firewall,10,98
2685,USA,10,2019,DDoS,Government,49.88,441744,Unknown,Weak Passwords,Firewall,40,97
2686,Japan,9,2016,Malware,Telecommunications,4.84,936738,Insider,Weak Passwords,Antivirus,8,46
2687,USA,10,2024,Malware,Education,75.51,822636,Insider,Social Engineering,Antivirus,63,26
2688,Australia,6,2018,Malware,Banking,68.32,843891,Unknown,Weak Passwords,Antivirus,31,46
2689,Russia,7,2020,DDoS,Healthcare,6.37,82576,Nation-state,Weak Passwords,VPN,40,90
2690,France,5,2024,Ransomware,Banking,97.53,759522,Unknown,Weak Passwords,VPN,39,110
2691,UK,3,2024,Ransomware,Banking,12.22,860343,Hacker Group,Weak Passwords,Antivirus,42,19
2692,Australia,6,2023,Malware,Government,55.72,14483,Nation-state,Weak Passwords,Firewall,36,98
2693,Japan,9,2023,Malware,Telecommunications,67.77,871255,Hacker Group,Social Engineering,AI-based Detection,24,61
2694,India,2,2019,Man-in-the-Middle,Government,98.86,48647,Unknown,Zero-day,Encryption,48,103
2695,Australia,6,2024,Phishing,Education,74.75,109907,Insider,Social Engineering,VPN,5,47
2696,Brazil,8,2022,Man-in-the-Middle,Retail,89.11,749386,Unknown,Unpatched Software,Firewall,16,78
2697,Russia,7,2018,Malware,Telecommunications,89.79,900723,Insider,Zero-day,Firewall,32,50
2698,France,5,2024,Phishing,IT,49.75,943151,Nation-state,Zero-day,VPN,66,10
2699,USA,10,2019,Malware,Education,1.05,93580,Nation-state,Unpatched Software,VPN,21,24
2700,China,1,2019,Malware,Retail,26.66,303469,Insider,Social Engineering,VPN,60,74
2701,USA,10,2024,Malware,Telecommunications,0.71,28436,Unknown,Unpatched Software,Encryption,66,93
2702,France,5,2015,Phishing,Healthcare,41.92,383484,Unknown,Unpatched Software,VPN,52,1
2703,Germany,4,2017,DDoS,Telecommunications,40.05,27446,Insider,Social Engineering,AI-based Detection,13,18
2704,Japan,9,2020,Phishing,Healthcare,73.13,39276,Nation-state,Unpatched Software,Firewall,29,53
2705,Brazil,8,2024,SQL Injection,IT,33.94,88304,Nation-state,Zero-day,Encryption,41,102
2706,Brazil,8,2019,Malware,Government,4.95,281096,Nation-state,Zero-day,AI-based Detection,2,29
2707,Australia,6,2018,SQL Injection,Banking,50.23,793612,Nation-state,Zero-day,Firewall,12,119
2708,UK,3,2016,Malware,Banking,49.92,848188,Nation-state,Unpatched Software,VPN,12,24
2709,India,2,2016,Man-in-the-Middle,IT,70.24,374767,Unknown,Unpatched Software,Antivirus,67,66
2710,France,5,2019,DDoS,Telecommunications,85.65,835349,Nation-state,Unpatched Software,VPN,8,7
2711,Japan,9,2020,SQL Injection,Banking,64.25,877560,Nation-state,Weak Passwords,Encryption,61,64
2712,Germany,4,2016,Man-in-the-Middle,Government,58.93,249279,Unknown,Weak Passwords,VPN,58,3
2713,Japan,9,2017,Ransomware,Government,9.24,126143,Unknown,Weak Passwords,Antivirus,35,19
2714,France,5,2021,Malware,Government,50.84,7910,Unknown,Unpatched Software,Firewall,19,70
2715,Brazil,8,2020,SQL Injection,Education,85.12,732802,Nation-state,Weak Passwords,Antivirus,62,72
2716,USA,10,2019,DDoS,Telecommunications,12.13,426349,Hacker Group,Unpatched Software,Encryption,44,82
2717,China,1,2019,Man-in-the-Middle,Telecommunications,6.24,739538,Nation-state,Zero-day,Encryption,5,103
2718,UK,3,2016,SQL Injection,Retail,17.98,251689,Nation-state,Social Engineering,Antivirus,1,8
2719,Germany,4,2015,Malware,Education,75.2,461291,Insider,Social Engineering,AI-based Detection,5,61
2720,UK,3,2021,Man-in-the-Middle,Banking,71.88,757595,Insider,Weak Passwords,VPN,40,3
2721,Japan,9,2024,Man-in-the-Middle,Retail,12.62,970866,Hacker Group,Weak Passwords,Firewall,13,116
2722,Brazil,8,2021,Malware,Government,79.56,334916,Nation-state,Weak Passwords,Firewall,35,98
2723,UK,3,2019,Man-in-the-Middle,IT,35.37,384185,Insider,Weak Passwords,Firewall,71,116
2724,Australia,6,2016,Phishing,Education,98.72,6670,Nation-state,Social Engineering,VPN,24,47
2725,France,5,2016,Man-in-the-Middle,IT,62.08,801177,Nation-state,Social Engineering,Encryption,11,73
2726,Russia,7,2016,Ransomware,Banking,28.79,183711,Insider,Zero-day,Encryption,50,88
2727,France,5,2015,Malware,Retail,83.45,573985,Insider,Weak Passwords,AI-based Detection,45,40
2728,Japan,9,2018,DDoS,Healthcare,88.04,675172,Nation-state,Weak Passwords,Antivirus,43,39
2729,Germany,4,2018,DDoS,Government,35.76,716770,Insider,Unpatched Software,Encryption,2,82
2730,Australia,6,2016,DDoS,IT,43.19,825866,Unknown,Weak Passwords,Firewall,23,97
2731,USA,10,2019,Ransomware,Healthcare,92.43,206631,Unknown,Zero-day,AI-based Detection,64,115
2732,Germany,4,2016,Phishing,Banking,40.18,153211,Nation-state,Weak Passwords,Encryption,43,95
2733,Japan,9,2018,SQL Injection,IT,48.91,322255,Nation-state,Zero-day,AI-based Detection,41,111
2734,China,1,2021,Ransomware,Telecommunications,44.84,16106,Nation-state,Weak Passwords,Firewall,29,68
2735,USA,10,2021,Man-in-the-Middle,Education,51.43,640851,Unknown,Zero-day,VPN,11,84
2736,Japan,9,2022,Phishing,Banking,12.42,570853,Unknown,Unpatched Software,Encryption,4,57
2737,USA,10,2023,SQL Injection,Banking,98.91,995462,Unknown,Unpatched Software,Firewall,33,65
2738,Russia,7,2015,Ransomware,Telecommunications,64.68,716832,Hacker Group,Social Engineering,VPN,67,20
2739,USA,10,2015,Malware,Retail,41.34,677462,Unknown,Unpatched Software,AI-based Detection,45,67
2740,France,5,2020,DDoS,IT,52.09,362499,Insider,Unpatched Software,Encryption,4,82
2741,India,2,2023,DDoS,Retail,26.01,274512,Insider,Weak Passwords,AI-based Detection,69,34
2742,Germany,4,2017,Malware,Government,63.97,590555,Nation-state,Social Engineering,AI-based Detection,27,61
2743,Australia,6,2024,Phishing,Telecommunications,42.28,297456,Nation-state,Zero-day,VPN,20,10
2744,Russia,7,2015,Ransomware,Government,2.73,465465,Nation-state,Unpatched Software,Encryption,60,25
2745,India,2,2023,Man-in-the-Middle,IT,58.9,24387,Hacker Group,Unpatched Software,Encryption,29,37
2746,France,5,2020,Man-in-the-Middle,Education,35.12,871001,Nation-state,Zero-day,Antivirus,39,80
2747,Brazil,8,2019,Malware,IT,8.31,989421,Unknown,Zero-day,Firewall,46,50
2748,France,5,2015,Phishing,Retail,84.86,190100,Nation-state,Zero-day,AI-based Detection,69,23
2749,France,5,2018,SQL Injection,IT,63.56,3324,Unknown,Zero-day,Encryption,65,102
2750,UK,3,2024,Malware,Retail,33.24,851177,Insider,Unpatched Software,Encryption,53,93
2751,Russia,7,2015,Malware,Healthcare,35.11,477346,Unknown,Social Engineering,Firewall,8,17
2752,USA,10,2021,Malware,Healthcare,49.73,386686,Insider,Zero-day,AI-based Detection,7,29
2753,Russia,7,2016,DDoS,Banking,87.62,922456,Insider,Zero-day,VPN,67,38
2754,China,1,2021,DDoS,Telecommunications,84.09,954379,Insider,Social Engineering,VPN,59,22
2755,Germany,4,2024,Phishing,Telecommunications,36.34,887186,Insider,Weak Passwords,Antivirus,8,21
2756,India,2,2018,Malware,Education,41.28,197323,Hacker Group,Social Engineering,Antivirus,47,26
2757,India,2,2016,Malware,IT,34.78,294587,Unknown,Social Engineering,AI-based Detection,43,61
2758,UK,3,2022,Man-in-the-Middle,Telecommunications,88.71,191263,Hacker Group,Unpatched Software,Encryption,68,37
2759,France,5,2017,Ransomware,Healthcare,88.79,332214,Nation-state,Social Engineering,Antivirus,16,83
2760,China,1,2024,Man-in-the-Middle,Government,56.26,196531,Hacker Group,Zero-day,Firewall,45,33
2761,Brazil,8,2021,SQL Injection,Banking,4.34,258021,Hacker Group,Unpatched Software,Encryption,46,30
2762,Russia,7,2021,Ransomware,Healthcare,85.65,920121,Unknown,Social Engineering,Antivirus,21,83
2763,Australia,6,2021,SQL Injection,IT,4.52,971908,Unknown,Zero-day,AI-based Detection,16,111
2764,France,5,2017,Ransomware,IT,27.19,760590,Nation-state,Weak Passwords,Encryption,9,120
2765,UK,3,2023,Man-in-the-Middle,Government,45.16,569044,Hacker Group,Social Engineering,Antivirus,27,6
2766,France,5,2021,SQL Injection,Government,2.3,841324,Unknown,Weak Passwords,Encryption,8,64
2767,Japan,9,2022,Malware,Government,71.54,668679,Unknown,Social Engineering,VPN,27,74
2768,India,2,2022,SQL Injection,Banking,27.86,310150,Unknown,Unpatched Software,AI-based Detection,21,11
2769,Germany,4,2016,Man-in-the-Middle,IT,13.21,549414,Unknown,Social Engineering,Encryption,70,73
2770,Australia,6,2015,DDoS,Government,11.89,731839,Unknown,Zero-day,AI-based Detection,14,35
2771,Brazil,8,2023,SQL Injection,Healthcare,76.58,626352,Hacker Group,Social Engineering,Encryption,33,81
2772,India,2,2022,DDoS,Banking,92.23,626017,Unknown,Unpatched Software,Antivirus,1,63
2773,Australia,6,2019,DDoS,Telecommunications,70.7,172782,Unknown,Social Engineering,VPN,2,22
2774,France,5,2021,Ransomware,Government,2.39,665023,Insider,Unpatched Software,Firewall,49,2
2775,Germany,4,2018,Man-in-the-Middle,Banking,89.87,15909,Nation-state,Zero-day,Antivirus,19,80
2776,UK,3,2023,Man-in-the-Middle,Banking,24.28,998547,Unknown,Weak Passwords,Antivirus,46,52
2777,Australia,6,2019,DDoS,IT,58.3,76358,Nation-state,Weak Passwords,Encryption,58,60
2778,Germany,4,2024,Man-in-the-Middle,IT,84.19,89704,Hacker Group,Social Engineering,Antivirus,26,6
2779,Russia,7,2024,Man-in-the-Middle,Education,72.02,191361,Hacker Group,Unpatched Software,AI-based Detection,11,16
2780,Germany,4,2023,Man-in-the-Middle,Government,0.61,200862,Insider,Social Engineering,Encryption,13,73
2781,USA,10,2017,Malware,Government,89.49,4966,Hacker Group,Social Engineering,AI-based Detection,41,61
2782,Japan,9,2018,Phishing,Education,34.06,344674,Unknown,Weak Passwords,Antivirus,19,21
2783,USA,10,2020,Phishing,Government,37.66,449424,Unknown,Unpatched Software,Firewall,3,53
2784,Germany,4,2020,Phishing,Healthcare,69.2,162807,Hacker Group,Unpatched Software,Encryption,4,57
2785,India,2,2024,DDoS,Banking,47.1,21292,Insider,Social Engineering,Antivirus,10,112
2786,Australia,6,2023,Malware,Banking,25.7,993215,Nation-state,Zero-day,AI-based Detection,56,29
2787,Australia,6,2017,DDoS,Banking,16.58,744201,Hacker Group,Zero-day,VPN,7,38
2788,Japan,9,2017,Phishing,Banking,61.33,762300,Nation-state,Social Engineering,VPN,20,47
2789,France,5,2018,DDoS,Government,14.1,764003,Insider,Zero-day,AI-based Detection,43,35
2790,China,1,2019,DDoS,Banking,33.88,761910,Hacker Group,Zero-day,Antivirus,27,79
2791,France,5,2023,Ransomware,IT,87.45,296050,Insider,Weak Passwords,VPN,30,110
2792,France,5,2020,Malware,Government,27.43,82853,Hacker Group,Social Engineering,Encryption,67,76
2793,Japan,9,2022,SQL Injection,Banking,34.03,700439,Insider,Zero-day,Encryption,41,102
2794,Russia,7,2022,SQL Injection,Retail,6.61,351048,Insider,Unpatched Software,VPN,57,99
2795,China,1,2020,Phishing,Retail,17.99,36963,Insider,Zero-day,VPN,54,10
2796,France,5,2021,Ransomware,IT,99.77,533151,Nation-state,Zero-day,Antivirus,43,106
2797,Germany,4,2018,Man-in-the-Middle,Healthcare,61.93,62185,Nation-state,Social Engineering,Encryption,32,73
2798,USA,10,2016,DDoS,Education,48.83,231299,Unknown,Unpatched Software,Encryption,58,82
2799,UK,3,2017,SQL Injection,Retail,47.99,914365,Insider,Weak Passwords,Firewall,52,118
2800,Japan,9,2024,Ransomware,Retail,47.44,696953,Nation-state,Zero-day,Firewall,54,12
2801,Russia,7,2015,Malware,Education,24.47,977607,Hacker Group,Zero-day,AI-based Detection,62,29
2802,Australia,6,2020,Ransomware,Retail,71.03,91228,Hacker Group,Social Engineering,Antivirus,22,83
2803,China,1,2016,Phishing,Government,59.95,417253,Insider,Weak Passwords,VPN,16,32
2804,France,5,2021,Man-in-the-Middle,Government,44.03,60431,Hacker Group,Weak Passwords,AI-based Detection,59,108
2805,Japan,9,2016,Man-in-the-Middle,Healthcare,44.69,567209,Hacker Group,Social Engineering,Antivirus,1,6
2806,France,5,2015,SQL Injection,IT,70.18,596168,Nation-state,Zero-day,Encryption,15,102
2807,Japan,9,2024,Malware,Telecommunications,49.88,437357,Unknown,Weak Passwords,AI-based Detection,56,40
2808,Australia,6,2016,Ransomware,IT,43.88,588421,Nation-state,Unpatched Software,Encryption,72,25
2809,UK,3,2017,Phishing,IT,57.17,477292,Nation-state,Social Engineering,AI-based Detection,18,101
2810,Germany,4,2018,Phishing,Education,16.76,163839,Insider,Social Engineering,Encryption,19,44
2811,UK,3,2024,SQL Injection,IT,65.06,922676,Unknown,Zero-day,VPN,6,36
2812,UK,3,2023,Malware,Education,34.66,941720,Nation-state,Zero-day,Antivirus,71,86
2813,Germany,4,2019,Phishing,Government,49.71,647613,Unknown,Social Engineering,Antivirus,53,105
2814,Australia,6,2016,Ransomware,Telecommunications,27.17,429456,Hacker Group,Social Engineering,VPN,28,20
2815,India,2,2020,Phishing,Government,85.73,340643,Unknown,Zero-day,Firewall,72,48
2816,France,5,2021,Malware,Education,55.66,21833,Hacker Group,Zero-day,Encryption,2,59
2817,Japan,9,2018,Phishing,Education,3.6,598297,Insider,Social Engineering,VPN,49,47
2818,Australia,6,2023,Phishing,Retail,78.28,92925,Insider,Zero-day,VPN,53,10
2819,Germany,4,2020,SQL Injection,Retail,70.09,98500,Hacker Group,Unpatched Software,Antivirus,30,41
2820,Japan,9,2020,SQL Injection,IT,64.56,820070,Hacker Group,Weak Passwords,Encryption,70,64
2821,UK,3,2024,Phishing,Banking,66.65,170892,Unknown,Zero-day,AI-based Detection,47,23
2822,Brazil,8,2024,Ransomware,Healthcare,60.13,887531,Hacker Group,Social Engineering,Encryption,51,109
2823,Australia,6,2024,DDoS,IT,57.81,179507,Insider,Weak Passwords,VPN,8,90
2824,Russia,7,2023,DDoS,Banking,78.71,315219,Unknown,Social Engineering,Antivirus,30,112
2825,USA,10,2016,Phishing,Government,63.35,223827,Insider,Zero-day,Antivirus,21,31
2826,France,5,2016,DDoS,Healthcare,47.01,254371,Unknown,Zero-day,Antivirus,13,79
2827,Japan,9,2023,DDoS,Government,67.59,839088,Unknown,Unpatched Software,VPN,62,7
2828,China,1,2017,DDoS,IT,17.49,394109,Unknown,Unpatched Software,AI-based Detection,37,13
2829,France,5,2019,DDoS,IT,75.84,877224,Unknown,Unpatched Software,Encryption,57,82
2830,Japan,9,2020,Phishing,Telecommunications,91.52,846884,Nation-state,Social Engineering,AI-based Detection,42,101
2831,UK,3,2020,Malware,IT,44.05,100972,Nation-state,Unpatched Software,Antivirus,54,42
2832,UK,3,2017,DDoS,Education,40.18,148447,Insider,Zero-day,AI-based Detection,39,35
2833,France,5,2017,SQL Injection,IT,44.56,698908,Nation-state,Zero-day,Antivirus,32,89
2834,India,2,2022,SQL Injection,Government,53.89,633626,Nation-state,Social Engineering,Antivirus,54,8
2835,Germany,4,2021,Malware,Government,88.01,334748,Unknown,Zero-day,Encryption,5,59
2836,China,1,2023,Phishing,Banking,55.94,383589,Unknown,Weak Passwords,Firewall,7,75
2837,Germany,4,2018,Ransomware,Education,90.48,901880,Unknown,Social Engineering,VPN,16,20
2838,Russia,7,2018,SQL Injection,Education,40.59,598151,Nation-state,Unpatched Software,AI-based Detection,34,11
2839,France,5,2016,DDoS,Banking,77.29,120341,Nation-state,Zero-day,VPN,45,38
2840,Australia,6,2023,Phishing,Government,91.02,305005,Hacker Group,Zero-day,Firewall,71,48
2841,Germany,4,2024,Man-in-the-Middle,Retail,46.41,494622,Hacker Group,Social Engineering,VPN,37,5
2842,Germany,4,2021,SQL Injection,Banking,69.07,264662,Insider,Social Engineering,AI-based Detection,46,28
2843,India,2,2021,SQL Injection,Healthcare,2.3,942089,Insider,Unpatched Software,VPN,39,99
2844,France,5,2016,Man-in-the-Middle,Education,33.45,779870,Nation-state,Zero-day,Firewall,6,33
2845,UK,3,2015,Phishing,IT,15.27,407233,Insider,Unpatched Software,Antivirus,72,55
2846,Russia,7,2019,Malware,Banking,98.59,148622,Nation-state,Weak Passwords,Firewall,6,98
2847,Brazil,8,2023,Ransomware,Healthcare,30.45,480773,Hacker Group,Weak Passwords,Encryption,52,120
2848,UK,3,2023,Malware,IT,22.24,946994,Unknown,Zero-day,VPN,13,92
2849,Japan,9,2015,Malware,Retail,9.75,559143,Nation-state,Social Engineering,VPN,69,74
2850,Brazil,8,2017,Man-in-the-Middle,Education,67.55,287646,Nation-state,Social Engineering,VPN,68,5
2851,China,1,2019,SQL Injection,Retail,26.97,19575,Insider,Zero-day,AI-based Detection,1,111
2852,China,1,2015,Malware,Retail,73.45,701505,Hacker Group,Social Engineering,Antivirus,36,26
2853,China,1,2021,Ransomware,Retail,40.01,998728,Unknown,Weak Passwords,AI-based Detection,68,100
2854,France,5,2021,SQL Injection,Telecommunications,52.67,434504,Unknown,Social Engineering,AI-based Detection,46,28
2855,Australia,6,2021,Ransomware,Retail,61.46,860546,Unknown,Zero-day,AI-based Detection,22,115
2856,Brazil,8,2020,SQL Injection,Education,62.72,827349,Nation-state,Unpatched Software,VPN,68,99
2857,Japan,9,2018,DDoS,IT,2.65,145427,Nation-state,Social Engineering,VPN,28,22
2858,Russia,7,2022,Malware,Government,33.8,613718,Unknown,Unpatched Software,AI-based Detection,60,67
2859,Australia,6,2018,Phishing,IT,61.47,239301,Unknown,Social Engineering,Antivirus,22,105
2860,China,1,2017,Phishing,Education,16.82,848597,Hacker Group,Weak Passwords,AI-based Detection,11,43
2861,Japan,9,2020,Man-in-the-Middle,Banking,73.85,278424,Nation-state,Zero-day,Encryption,9,103
2862,Russia,7,2015,DDoS,Government,97.4,23096,Unknown,Weak Passwords,Firewall,38,97
2863,Russia,7,2022,Phishing,Education,33.49,68371,Nation-state,Unpatched Software,Firewall,57,53
2864,China,1,2023,Ransomware,Healthcare,62.21,534686,Insider,Unpatched Software,AI-based Detection,44,87
2865,China,1,2019,Man-in-the-Middle,Education,75.86,985505,Unknown,Social Engineering,Encryption,26,73
2866,USA,10,2015,DDoS,Banking,98.39,306320,Insider,Unpatched Software,AI-based Detection,41,13
2867,Japan,9,2023,DDoS,Government,17.69,799380,Unknown,Weak Passwords,AI-based Detection,57,34
2868,USA,10,2023,DDoS,IT,55.14,529551,Unknown,Zero-day,VPN,61,38
2869,Australia,6,2024,DDoS,IT,82.49,102295,Unknown,Weak Passwords,VPN,46,90
2870,Australia,6,2022,Phishing,Banking,64.07,800131,Unknown,Zero-day,AI-based Detection,69,23
2871,UK,3,2015,Ransomware,Banking,32,712739,Nation-state,Weak Passwords,Antivirus,17,19
2872,Russia,7,2018,Phishing,Telecommunications,39.15,814119,Hacker Group,Weak Passwords,Firewall,64,75
2873,India,2,2018,SQL Injection,Education,12.44,599905,Nation-state,Social Engineering,VPN,13,96
2874,France,5,2017,DDoS,Healthcare,5.07,65117,Unknown,Social Engineering,Firewall,3,49
2875,USA,10,2023,Phishing,Telecommunications,6.18,591348,Nation-state,Weak Passwords,Encryption,55,95
2876,Japan,9,2023,Phishing,Retail,55.7,53447,Insider,Unpatched Software,AI-based Detection,43,85
2877,Germany,4,2024,Malware,IT,47.13,471379,Unknown,Unpatched Software,AI-based Detection,67,67
2878,Russia,7,2017,SQL Injection,Banking,76.84,883919,Hacker Group,Social Engineering,VPN,8,96
2879,Germany,4,2021,Malware,Telecommunications,78.46,606940,Insider,Social Engineering,AI-based Detection,32,61
2880,India,2,2018,Man-in-the-Middle,Healthcare,56.88,416331,Hacker Group,Unpatched Software,Encryption,62,37
2881,Russia,7,2019,Phishing,Banking,58.38,826778,Insider,Zero-day,AI-based Detection,59,23
2882,China,1,2022,Ransomware,Healthcare,71.36,712697,Insider,Unpatched Software,AI-based Detection,39,87
2883,UK,3,2023,Man-in-the-Middle,Government,48.19,450891,Nation-state,Social Engineering,Encryption,32,73
2884,Russia,7,2016,Phishing,Healthcare,13.91,600700,Hacker Group,Zero-day,Firewall,28,48
2885,Brazil,8,2019,DDoS,Education,44.51,119319,Nation-state,Zero-day,Firewall,9,104
2886,UK,3,2017,Ransomware,Healthcare,55.45,490818,Hacker Group,Unpatched Software,VPN,65,56
2887,Germany,4,2024,Ransomware,Telecommunications,17.92,155170,Insider,Zero-day,VPN,15,91
2888,France,5,2017,Malware,Healthcare,41.37,783899,Hacker Group,Social Engineering,AI-based Detection,29,61
2889,China,1,2020,Malware,Healthcare,24.78,275619,Nation-state,Weak Passwords,Antivirus,4,46
2890,India,2,2024,SQL Injection,IT,8.85,746862,Nation-state,Unpatched Software,Encryption,51,30
2891,India,2,2024,SQL Injection,Government,28.13,244429,Hacker Group,Zero-day,AI-based Detection,8,111
2892,Russia,7,2016,SQL Injection,Government,52.59,287446,Hacker Group,Unpatched Software,Encryption,56,30
2893,France,5,2023,DDoS,Retail,79.86,966469,Nation-state,Social Engineering,Antivirus,43,112
2894,Australia,6,2021,DDoS,IT,47.83,126709,Unknown,Weak Passwords,Antivirus,45,39
2895,Brazil,8,2019,Malware,IT,54.26,883977,Nation-state,Unpatched Software,Antivirus,47,42
2896,Australia,6,2023,SQL Injection,Retail,78.57,805183,Unknown,Weak Passwords,VPN,37,117
2897,Australia,6,2021,Malware,Telecommunications,77.63,434446,Unknown,Social Engineering,Encryption,28,76
2898,France,5,2019,Ransomware,Education,2.27,63872,Nation-state,Unpatched Software,Firewall,55,2
2899,France,5,2022,Ransomware,Education,59,131307,Hacker Group,Weak Passwords,AI-based Detection,46,100
2900,Australia,6,2018,DDoS,Telecommunications,25.07,732072,Hacker Group,Social Engineering,Firewall,35,49
2901,India,2,2016,Ransomware,IT,43.65,340213,Nation-state,Zero-day,Antivirus,15,106
2902,China,1,2021,Phishing,Retail,41.97,617987,Insider,Social Engineering,Antivirus,23,105
2903,India,2,2024,Malware,Government,56.13,629293,Insider,Weak Passwords,VPN,69,114
2904,Russia,7,2019,SQL Injection,Healthcare,92.69,979308,Nation-state,Social Engineering,Firewall,10,58
2905,France,5,2024,Phishing,Healthcare,14.38,278126,Unknown,Social Engineering,Antivirus,30,105
2906,USA,10,2016,Man-in-the-Middle,Banking,57.26,852868,Unknown,Unpatched Software,Firewall,8,78
2907,Brazil,8,2019,Phishing,Retail,35.61,43771,Nation-state,Zero-day,Encryption,49,15
2908,China,1,2015,SQL Injection,Education,40.68,90689,Nation-state,Weak Passwords,Antivirus,40,72
2909,France,5,2024,SQL Injection,Healthcare,31.91,931787,Hacker Group,Unpatched Software,Firewall,15,65
2910,Germany,4,2017,DDoS,Education,98.61,992029,Nation-state,Unpatched Software,VPN,26,7
2911,USA,10,2021,Ransomware,Government,72.24,283947,Hacker Group,Unpatched Software,AI-based Detection,72,87
2912,India,2,2018,Malware,Banking,20.76,68718,Insider,Social Engineering,Encryption,47,76
2913,Australia,6,2016,DDoS,Education,93.39,630087,Nation-state,Social Engineering,VPN,72,22
2914,Germany,4,2019,DDoS,Telecommunications,52.17,481252,Hacker Group,Weak Passwords,Antivirus,48,39
2915,France,5,2021,Ransomware,IT,58.86,935319,Nation-state,Social Engineering,Antivirus,25,83
2916,Russia,7,2018,Malware,Banking,23.14,159475,Insider,Zero-day,Encryption,19,59
2917,Japan,9,2017,DDoS,Healthcare,90.38,316136,Hacker Group,Zero-day,VPN,22,38
2918,Germany,4,2019,DDoS,IT,71.08,445129,Insider,Unpatched Software,Antivirus,19,63
2919,Brazil,8,2020,DDoS,Healthcare,53.42,545588,Insider,Unpatched Software,Antivirus,54,63
2920,UK,3,2023,SQL Injection,Healthcare,22.8,3315,Nation-state,Unpatched Software,Antivirus,41,41
2921,Germany,4,2023,Ransomware,Retail,89.71,919427,Nation-state,Weak Passwords,AI-based Detection,51,100
2922,Australia,6,2015,Phishing,Banking,99.2,666877,Nation-state,Weak Passwords,Antivirus,28,21
2923,Japan,9,2017,Ransomware,Telecommunications,49.72,578125,Insider,Social Engineering,Firewall,71,54
2924,Russia,7,2015,Man-in-the-Middle,Government,13.26,616547,Hacker Group,Zero-day,AI-based Detection,22,45
2925,Germany,4,2016,DDoS,Government,26.97,976849,Hacker Group,Weak Passwords,VPN,12,90
2926,Russia,7,2024,Ransomware,Government,60.69,931196,Unknown,Social Engineering,AI-based Detection,27,4
2927,China,1,2017,Phishing,Banking,38.69,240400,Unknown,Weak Passwords,Encryption,10,95
2928,USA,10,2022,DDoS,IT,74.59,281698,Insider,Social Engineering,Encryption,18,14
2929,UK,3,2015,DDoS,Retail,94.19,145401,Insider,Unpatched Software,Antivirus,14,63
2930,UK,3,2018,SQL Injection,Retail,85.18,918201,Insider,Zero-day,Encryption,35,102
2931,Russia,7,2017,Malware,Healthcare,42.4,71213,Nation-state,Social Engineering,Firewall,58,17
2932,USA,10,2022,Ransomware,Banking,34.58,322611,Unknown,Unpatched Software,VPN,16,56
2933,Russia,7,2023,SQL Injection,Telecommunications,48.84,680011,Insider,Unpatched Software,Encryption,66,30
2934,UK,3,2016,SQL Injection,Healthcare,63.93,165204,Hacker Group,Social Engineering,Encryption,18,81
2935,Germany,4,2021,SQL Injection,Education,55.5,693497,Nation-state,Unpatched Software,Antivirus,56,41
2936,Australia,6,2022,Malware,Telecommunications,32.6,363166,Unknown,Unpatched Software,Antivirus,38,42
2937,Russia,7,2017,Ransomware,Retail,52.79,942824,Nation-state,Social Engineering,Antivirus,68,83
2938,Russia,7,2020,Ransomware,IT,36.9,809153,Nation-state,Social Engineering,AI-based Detection,48,4
2939,Brazil,8,2016,Ransomware,Education,5.51,740421,Unknown,Social Engineering,Encryption,59,109
2940,USA,10,2024,Malware,Retail,52.2,579778,Nation-state,Zero-day,Firewall,57,50
2941,Russia,7,2017,Malware,IT,68.12,627616,Insider,Zero-day,Firewall,29,50
2942,France,5,2017,SQL Injection,Government,36.09,696801,Insider,Zero-day,VPN,32,36
2943,Russia,7,2019,DDoS,Healthcare,68.1,819663,Unknown,Zero-day,Encryption,5,27
2944,Russia,7,2020,SQL Injection,Government,10.46,778573,Unknown,Zero-day,Encryption,62,102
2945,Brazil,8,2020,Malware,Telecommunications,23.21,850214,Unknown,Social Engineering,Antivirus,45,26
2946,China,1,2018,SQL Injection,Government,1.89,83376,Insider,Unpatched Software,Firewall,62,65
2947,Russia,7,2020,Ransomware,Telecommunications,48.68,459635,Insider,Unpatched Software,Antivirus,49,71
2948,India,2,2021,Ransomware,Government,9.54,386911,Insider,Social Engineering,Antivirus,33,83
2949,China,1,2021,Phishing,Telecommunications,76.26,756305,Nation-state,Weak Passwords,VPN,45,32
2950,China,1,2020,Phishing,IT,55.06,743177,Hacker Group,Unpatched Software,Antivirus,21,55
2951,Japan,9,2022,Malware,Education,17.3,893060,Unknown,Social Engineering,Encryption,19,76
2952,Germany,4,2023,Malware,Government,69.39,358933,Nation-state,Zero-day,Antivirus,3,86
2953,India,2,2019,Phishing,Government,8.93,725325,Insider,Zero-day,Firewall,16,48
2954,France,5,2015,Ransomware,IT,74.03,597723,Unknown,Zero-day,Encryption,48,88
2955,China,1,2024,Phishing,Retail,11.72,311675,Unknown,Weak Passwords,Firewall,18,75
2956,Japan,9,2020,Ransomware,Government,21.92,74407,Unknown,Unpatched Software,Antivirus,48,71
2957,Russia,7,2016,Malware,Government,37.07,138915,Hacker Group,Weak Passwords,VPN,44,114
2958,Russia,7,2022,DDoS,Banking,84.09,153829,Hacker Group,Weak Passwords,VPN,6,90
2959,Japan,9,2015,Phishing,Education,58.86,587851,Nation-state,Social Engineering,Encryption,6,44
2960,Russia,7,2015,Malware,Government,54.59,728308,Unknown,Zero-day,Firewall,10,50
2961,France,5,2019,Malware,Retail,71.84,471898,Hacker Group,Social Engineering,VPN,55,74
2962,Russia,7,2019,SQL Injection,Telecommunications,14.15,639630,Insider,Unpatched Software,Encryption,31,30
2963,UK,3,2023,Malware,Retail,28.79,6691,Hacker Group,Zero-day,VPN,57,92
2964,Russia,7,2015,Ransomware,Retail,46.96,672033,Hacker Group,Social Engineering,Antivirus,2,83
2965,USA,10,2016,SQL Injection,Healthcare,98.03,719415,Nation-state,Unpatched Software,Firewall,56,65
2966,Germany,4,2022,Malware,Telecommunications,92.53,727509,Insider,Zero-day,AI-based Detection,67,29
2967,France,5,2021,SQL Injection,Banking,78.89,704427,Hacker Group,Zero-day,VPN,30,36
2968,India,2,2018,SQL Injection,Government,80,147384,Unknown,Zero-day,Firewall,54,119
2969,Brazil,8,2015,Ransomware,Banking,63.14,545908,Insider,Social Engineering,AI-based Detection,2,4
2970,Russia,7,2022,SQL Injection,IT,2.1,354694,Insider,Weak Passwords,Encryption,18,64
2971,India,2,2019,DDoS,Banking,14.98,849664,Unknown,Social Engineering,Antivirus,40,112
2972,France,5,2024,SQL Injection,Government,9.91,248359,Nation-state,Weak Passwords,Firewall,58,118
2973,India,2,2023,Man-in-the-Middle,Retail,12.96,254903,Unknown,Social Engineering,Firewall,4,94
2974,Brazil,8,2016,Man-in-the-Middle,Education,19.59,647998,Insider,Weak Passwords,AI-based Detection,38,108
2975,India,2,2022,Phishing,IT,37.76,800909,Nation-state,Zero-day,Antivirus,53,31
2976,Japan,9,2015,Man-in-the-Middle,Telecommunications,95.8,23469,Insider,Zero-day,Firewall,64,33
2977,France,5,2017,Phishing,Healthcare,4.87,388325,Nation-state,Social Engineering,AI-based Detection,39,101
2978,Russia,7,2018,DDoS,Retail,64.39,359124,Insider,Unpatched Software,AI-based Detection,13,13
2979,India,2,2023,Malware,Healthcare,70.36,992014,Insider,Social Engineering,Encryption,62,76
2980,China,1,2022,Malware,Education,35.05,596468,Insider,Unpatched Software,VPN,29,24
2981,Germany,4,2015,Ransomware,Healthcare,58.91,801948,Insider,Zero-day,VPN,55,91
2982,China,1,2015,SQL Injection,Healthcare,24.07,950991,Nation-state,Social Engineering,Encryption,49,81
2983,Germany,4,2017,Man-in-the-Middle,Healthcare,97.14,875912,Insider,Unpatched Software,Firewall,33,78
2984,Australia,6,2024,DDoS,Telecommunications,36.49,35041,Hacker Group,Social Engineering,Antivirus,14,112
2985,Germany,4,2021,Malware,Retail,43.99,431678,Insider,Unpatched Software,Encryption,60,93
2986,Russia,7,2023,SQL Injection,Telecommunications,79.71,358439,Insider,Unpatched Software,Antivirus,48,41
2987,Brazil,8,2015,Malware,Healthcare,88.08,905770,Nation-state,Zero-day,VPN,9,92
2988,Australia,6,2021,Ransomware,Healthcare,37.89,843256,Nation-state,Unpatched Software,Antivirus,43,71
2989,USA,10,2022,SQL Injection,IT,37.94,691377,Hacker Group,Social Engineering,Antivirus,44,8
2990,Brazil,8,2021,Ransomware,Education,18.11,849791,Nation-state,Unpatched Software,VPN,53,56
2991,France,5,2015,Phishing,Telecommunications,65.16,998011,Unknown,Zero-day,Encryption,14,15
2992,Russia,7,2019,Ransomware,Banking,28.14,594170,Nation-state,Social Engineering,AI-based Detection,53,4
2993,UK,3,2021,Malware,Banking,60.14,191427,Nation-state,Zero-day,Encryption,56,59
2994,Germany,4,2017,SQL Injection,Education,54.98,786577,Insider,Unpatched Software,Firewall,70,65
2995,Germany,4,2019,Ransomware,Government,58.6,76066,Insider,Unpatched Software,AI-based Detection,8,87
2996,UK,3,2021,Ransomware,Government,51.42,190694,Unknown,Social Engineering,Firewall,52,54
2997,Brazil,8,2023,SQL Injection,Telecommunications,30.28,892843,Hacker Group,Zero-day,VPN,26,36
2998,Brazil,8,2017,SQL Injection,IT,32.97,734737,Nation-state,Weak Passwords,AI-based Detection,30,107
2999,UK,3,2022,SQL Injection,IT,32.17,379954,Insider,Unpatched Software,Firewall,9,65
3000,Germany,4,2021,SQL Injection,Retail,48.2,480984,Unknown,Zero-day,VPN,64,36
